synonym_id,node_id,domain,subfield,knowledge_point,surface_form,surface_type,language,stage_label,notes
SYN-0001,HKG-NODE-NODE-NODE-232,几何,基本图形的认识,计算长方体和正方体的体积,计算长方体和正方体的体积,canonical,zh,Grade 5 semester 2,节点规范名称，范围限定为长方体、正方体体积的求法与应用。
SYN-0002,HKG-NODE-NODE-NODE-232,几何,基本图形的认识,计算长方体和正方体的体积,长方体体积,variant,zh,Grade 5 semester 2,常见简称，通常指长方体体积的计算或相关题目；单独出现时只覆盖该节点中的一部分范围，但在教材目录或练习语境中可作为同域表述。
SYN-0003,HKG-NODE-NODE-NODE-232,几何,基本图形的认识,计算长方体和正方体的体积,正方体体积,variant,zh,Grade 5 semester 2,常见简称，通常指正方体体积的计算；单独出现时只覆盖该节点中的一部分范围，但与本节点范围密切相关。
SYN-0005,HKG-NODE-NODE-NODE-232,几何,基本图形的认识,计算长方体和正方体的体积,长方体和正方体的体积,variant,zh,Grade 5 semester 2,与规范名称相比省略“计算”，教材或教辅中常作为小节标题；通常仍指求体积的方法与应用。
SYN-0006,HKG-NODE-NODE-NODE-232,几何,基本图形的认识,计算长方体和正方体的体积,长方体、正方体体积的计算,textbook_phrase,zh,Grade 5 semester 2,与节点范围高度一致的概括性表述，强调计算任务。
SYN-0007,HKG-NODE-NODE-NODE-232,几何,基本图形的认识,计算长方体和正方体的体积,长方体体积公式,variant,zh,Grade 5 semester 2,常用于进入体积计算的核心知识点，通常与长×宽×高相关。
SYN-0008,HKG-NODE-NODE-NODE-232,几何,基本图形的认识,计算长方体和正方体的体积,正方体体积公式,variant,zh,Grade 5 semester 2,常用于正方体体积计算的核心知识点，通常与棱长的立方相关。
SYN-0009,HKG-NODE-NODE-NODE-232,几何,基本图形的认识,计算长方体和正方体的体积,V=abh,formula,symbolic,Grade 5 semester 2,长方体体积的常见符号表达，a、b、h常分别表示长、宽、高。
SYN-0010,HKG-NODE-NODE-NODE-232,几何,基本图形的认识,计算长方体和正方体的体积,V=a³,formula,symbolic,Grade 5 semester 2,正方体体积公式的符号写法，a通常表示棱长。
SYN-0011,HKG-NODE-NODE-NODE-549,算数,基础运算,分数的乘除法,分数的乘除法,canonical,zh,Grade 6 semester 1,节点规范名称，表示分数乘法与分数除法的合并主题。
SYN-0012,HKG-NODE-NODE-NODE-549,算数,基础运算,分数的乘除法,分数乘除法,variant,zh,Grade 6 semester 1,常见简称，与规范名称同义，适合作为主题级表述。
SYN-0013,HKG-NODE-NODE-NODE-549,算数,基础运算,分数的乘除法,分数的乘法和除法,variant,zh,Grade 6 semester 1,与规范名称同义的展开式表述。
SYN-0014,HKG-NODE-NODE-NODE-549,算数,基础运算,分数的乘除法,分数乘法与除法,variant,zh,Grade 6 semester 1,连词替换形成的常见主题表述。
SYN-0015,HKG-NODE-NODE-NODE-549,算数,基础运算,分数的乘除法,分数乘法、除法,variant,zh,Grade 6 semester 1,并列式写法，通常仍指该合并主题。
SYN-0016,HKG-NODE-NODE-NODE-549,算数,基础运算,分数的乘除法,分数乘除运算,variant,zh,Grade 6 semester 1,强调运算性质与方法，但通常仍落在分数乘法和除法主题内。
SYN-0017,HKG-NODE-NODE-NODE-549,算数,基础运算,分数的乘除法,fraction multiplication and division,variant,en,Grade 6 semester 1,英文对译，适合作为跨语种检索别名。
SYN-0020,HKG-NODE-NODE-NODE-596,数论,分数,分数的约分,分数的约分,canonical,zh,Grade 5 semester 2,节点规范名称，范围限定为把分数化成最简分数及其方法。
SYN-0021,HKG-NODE-NODE-NODE-596,数论,分数,分数的约分,约分,variant,zh,Grade 5 semester 2,来源给定同义项，是该知识点最常见的简称。
SYN-0022,HKG-NODE-NODE-NODE-596,数论,分数,分数的约分,把分数化成最简分数,variant,zh,Grade 5 semester 2,操作性表述，明确限定对象是分数，和本节点范围高度一致。
SYN-0023,HKG-NODE-NODE-NODE-596,数论,分数,分数的约分,分数化简,variant,zh,Grade 5 semester 2,来源给定同义项，通常与分数约分同义。
SYN-0024,HKG-NODE-NODE-NODE-596,数论,分数,分数的约分,把分数约成最简分数,variant,zh,Grade 5 semester 2,与“把分数化成最简分数”同义的常见说法。
SYN-0025,HKG-NODE-NODE-NODE-596,数论,分数,分数的约分,把分数化简成最简分数,variant,zh,Grade 5 semester 2,强调化简结果为最简分数，仍属本节点范围。
SYN-0027,HKG-NODE-NODE-NODE-596,数论,分数,分数的约分,reduce a fraction,variant,en,Grade 5 semester 2,英文对译，表达把分数约分。
SYN-0028,HKG-NODE-NODE-NODE-232,几何,基本图形的认识,计算长方体和正方体的体积,长方体、正方体的体积计算,variant,zh,Grade 5 semester 2,与规范名称同范围的紧凑表达，强调两类立体图形的体积求法。
SYN-0029,HKG-NODE-NODE-NODE-232,几何,基本图形的认识,计算长方体和正方体的体积,长方体体积计算,variant,zh,Grade 5 semester 2,指向本节点中的长方体部分；若图谱后续拆分为独立子节点，则应改挂更细粒度节点。
SYN-0030,HKG-NODE-NODE-NODE-232,几何,基本图形的认识,计算长方体和正方体的体积,正方体体积计算,variant,zh,Grade 5 semester 2,指向本节点中的正方体部分；若图谱后续拆分为独立子节点，则应改挂更细粒度节点。
SYN-0033,HKG-NODE-NODE-NODE-549,算数,基础运算,分数的乘除法,分数乘法和除法,variant,zh,Grade 6 semester 1,并列展开式表达，通常与“分数的乘除法”同义。
SYN-0034,HKG-NODE-NODE-NODE-549,算数,基础运算,分数的乘除法,分数乘、除法,variant,zh,Grade 6 semester 1,教辅或目录中常见的压缩写法，仍指同一统称主题。
SYN-0036,HKG-NODE-NODE-NODE-596,数论,分数,分数的约分,分数约分,variant,zh,Grade 5 semester 2,在教学和练习标题中常见的紧凑表达，与规范名称同范围。
SYN-0037,HKG-NODE-NODE-NODE-596,数论,分数,分数的约分,约成最简分数,textbook_phrase,zh,Grade 5 semester 2,描述约分操作的结果指向，通常与分数语境共同出现时可映射到本节点。
SYN-0039,HKG-NODE-NODE-NODE-232,几何,基本图形的认识,计算长方体和正方体的体积,求长方体和正方体的体积,variant,zh,Grade 5 semester 2,强调操作目标“求体积”，与本节点计算范围一致。
SYN-0040,HKG-NODE-NODE-NODE-232,几何,基本图形的认识,计算长方体和正方体的体积,长方体的体积,textbook_phrase,zh,Grade 5 semester 2,可能作为教材中的节名或题型表述；严格说只覆盖长方体，不含正方体，但常与正方体体积同主题连续出现。
SYN-0041,HKG-NODE-NODE-NODE-232,几何,基本图形的认识,计算长方体和正方体的体积,正方体的体积,textbook_phrase,zh,Grade 5 semester 2,可能作为教材中的节名或题型表述；严格说只覆盖正方体，不含长方体，但与本节点主题高度相关。
SYN-0042,HKG-NODE-NODE-NODE-232,几何,基本图形的认识,计算长方体和正方体的体积,长方体体积=长×宽×高,formula,mixed,Grade 5 semester 2,长方体体积计算公式的文字型写法，直接落在本节点范围。
SYN-0043,HKG-NODE-NODE-NODE-232,几何,基本图形的认识,计算长方体和正方体的体积,正方体体积=棱长×棱长×棱长,formula,mixed,Grade 5 semester 2,正方体体积计算公式的文字型写法，属于本节点核心内容。
SYN-0044,HKG-NODE-NODE-NODE-232,几何,基本图形的认识,计算长方体和正方体的体积,长方体、正方体体积公式,variant,zh,Grade 5 semester 2,强调本节点中的公式知识；若图谱将“认识公式”与“应用公式计算”拆分，则该表述可能跨节点。
SYN-0045,HKG-NODE-NODE-NODE-549,算数,基础运算,分数的乘除法,分数的乘法与除法,variant,zh,Grade 6 semester 1,连接词不同但范围一致，指分数乘法和分数除法这一合并主题。
SYN-0047,HKG-NODE-NODE-NODE-596,数论,分数,分数的约分,化成最简分数,variant,zh,Grade 5 semester 2,与约分目标一致，常出现在题目要求中。
SYN-0049,HKG-NODE-NODE-NODE-596,数论,分数,分数的约分,分子分母同时除以公因数,textbook_phrase,zh,Grade 5 semester 2,描述约分方法的常见表达，基本落在本节点范围；若图谱区分“概念”和“方法”，则可能关联子节点。
SYN-0050,HKG-NODE-NODE-NODE-03,代数,比和比例,比的意义,比的意义,canonical,zh,Grade 6 semester 1,节点规范名称。范围是“比”这一概念的基础含义，作为后续学习比的读写、比值、比例等内容的前置认识。与更细化的“用两个量相除表示两个量之间的倍比关系”存在上下位或拆分关系，表面上易混。
SYN-0051,HKG-NODE-NODE-NODE-03,代数,比和比例,比的意义,比的含义,variant,zh,Grade 6 semester 1,常见同义表述。可能同时指向更具体的“比的意义（用两个量相除表示两个量之间的倍比关系）”，存在节点间歧义。
SYN-0052,HKG-NODE-NODE-NODE-03,代数,比和比例,比的意义,认识比,textbook_phrase,zh,Grade 6 semester 1,偏教学单元式表述，通常用于引入“什么是比”的初识阶段。范围较宽，可能连带读写法、实例等入门内容。
SYN-0053,HKG-NODE-NODE-NODE-05,代数,比和比例,比的意义（用两个量相除表示两个量之间的倍比关系）,比的意义（用两个量相除表示两个量之间的倍比关系）,canonical,zh,Grade 6 semester 1,节点规范名称。强调“比”通过两个量相除来表示两个量之间的倍比关系，比节点 03 更具体。
SYN-0054,HKG-NODE-NODE-NODE-05,代数,比和比例,比的意义（用两个量相除表示两个量之间的倍比关系）,比的概念,variant,zh,Grade 6 semester 1,常见等价表述，通常用于说明“比是什么”。在一些语境中范围可能比本节点更宽。
SYN-0055,HKG-NODE-NODE-NODE-05,代数,比和比例,比的意义（用两个量相除表示两个量之间的倍比关系）,比的含义,variant,zh,Grade 6 semester 1,常见同义表述。若教材仅说“比的含义”，可能既指基础认识，也指本节点所述的“相除表示关系”。
SYN-0056,HKG-NODE-NODE-NODE-05,代数,比和比例,比的意义（用两个量相除表示两个量之间的倍比关系）,比表示两个量的关系,variant,zh,Grade 6 semester 1,概括“比”用于表示两个相关量之间关系的说法，但未显式带出“相除”与“倍比关系”，语义略宽。
SYN-0057,HKG-NODE-NODE-NODE-05,代数,比和比例,比的意义（用两个量相除表示两个量之间的倍比关系）,用两个量相除表示两个量之间的倍比关系,textbook_phrase,zh,Grade 6 semester 1,来自节点规范名称中的定义性核心片段，可作为该节点的高辨识度表述。
SYN-0058,HKG-NODE-NODE-NODE-06,代数,比和比例,比的基本性质,比的基本性质,canonical,zh,Grade 6 semester 1,节点规范名称。作为总括性标题，通常对应保持比值不变的等值变形性质。与完整陈述型节点 HKG-NODE-NODE-0 高度接近。
SYN-0059,HKG-NODE-NODE-NODE-06,代数,比和比例,比的基本性质,比的性质,variant,zh,Grade 6 semester 1,简化表述。若语境未明确“基本”，理论上也可能泛指与比有关的其他性质，因此有轻微泛化。
SYN-0060,HKG-NODE-NODE-0,代数,比和比例,比的基本性质：比的前项和后项同时乘或除以同一个非0数，比值不变,比的基本性质：比的前项和后项同时乘或除以同一个非0数，比值不变,canonical,zh,Grade 6 semester 1,节点规范名称。是对“比的基本性质”的完整命题化表述，范围明确。
SYN-0061,HKG-NODE-NODE-0,代数,比和比例,比的基本性质：比的前项和后项同时乘或除以同一个非0数，比值不变,比的基本性质,variant,zh,Grade 6 semester 1,标题式简称。与节点 HKG-NODE-NODE-NODE-06 的规范名完全同形，存在同名拆分。
SYN-0062,HKG-NODE-NODE-0,代数,比和比例,比的基本性质：比的前项和后项同时乘或除以同一个非0数，比值不变,比的性质,variant,zh,Grade 6 semester 1,更口语化或简化的简称。若脱离上下文，可能泛指比的其他相关性质。
SYN-0063,HKG-NODE-NODE-0,代数,比和比例,比的基本性质：比的前项和后项同时乘或除以同一个非0数，比值不变,比的前项和后项同时乘或除以同一个非0数，比值不变,textbook_phrase,zh,Grade 6 semester 1,该节点核心命题的简明陈述，不含前缀“比的基本性质”。
SYN-0064,HKG-NODE-NODE-NODE-07,代数,比和比例,根据给定的比，把一个总量分成若干份并求各部分量的应用问题,根据给定的比，把一个总量分成若干份并求各部分量的应用问题,canonical,zh,Grade 6 semester 1,节点规范名称。强调已知总量与部分比，求各部分量的应用题结构。与“按比例分配问题”几乎同域。
SYN-0065,HKG-NODE-NODE-NODE-07,代数,比和比例,根据给定的比，把一个总量分成若干份并求各部分量的应用问题,按比分配问题,variant,zh,Grade 6 semester 1,小学阶段非常常见的称呼，通常与本节点等价。
SYN-0066,HKG-NODE-NODE-NODE-07,代数,比和比例,根据给定的比，把一个总量分成若干份并求各部分量的应用问题,比例分配问题,variant,zh,Grade 6 semester 1,与“按比分配问题”近义，但有时“比例分配”在更高学段或更广语境中也可指按某比例系数分配。此处仍大体同域。
SYN-0067,HKG-NODE-NODE-NODE-08,代数,比和比例,按比例分配问题,按比例分配问题,canonical,zh,Grade 6 semester 1,节点规范名称。标准应用题类型名，表示已知总量和各部分的比，求各部分数量。
SYN-0068,HKG-NODE-NODE-NODE-08,代数,比和比例,按比例分配问题,按比分配问题,variant,zh,Grade 6 semester 1,小学教材与教学中常用的同义称呼。与规范名通常同域。
SYN-0069,HKG-NODE-NODE-NODE-08,代数,比和比例,按比例分配问题,比例分配问题,variant,zh,Grade 6 semester 1,省略“按”字的常见称呼。可能在少量语境中被泛化。
SYN-0070,HKG-NODE-NODE-NODE-08,代数,比和比例,按比例分配问题,按比分配应用题,variant,zh,Grade 6 semester 1,突出题型属性的表述，与本节点范围一致。
SYN-0071,HKG-NODE-NODE-NODE-13,代数,比和比例,判断两个相关量是否成正比例,判断两个相关量是否成正比例,canonical,zh,Grade 6 semester 1,节点规范名称。强调对正比例关系的识别与判断，而非仅定义本身。
SYN-0072,HKG-NODE-NODE-NODE-13,代数,比和比例,判断两个相关量是否成正比例,正比例关系,variant,zh,Grade 6 semester 1,常见名称，但既可指关系概念本身，也可指判断、应用、图像等更宽内容。此处按识别判断范围收录。
SYN-0073,HKG-NODE-NODE-NODE-13,代数,比和比例,判断两个相关量是否成正比例,成正比例,variant,zh,Grade 6 semester 1,常见短语，多用于判断句式，如“这两种量成正比例”。单独出现时省略了“判断”操作。
SYN-0074,HKG-NODE-NODE-NODE-13,代数,比和比例,判断两个相关量是否成正比例,两种量成正比例,variant,zh,Grade 6 semester 1,强调对象为两种相关量，常用于题目或结论表达。
SYN-0075,HKG-NODE-NODE-NODE-14,代数,比和比例,判断两个相关量是否成反比例,判断两个相关量是否成反比例,canonical,zh,Grade 6 semester 1,节点规范名称。强调对反比例关系的识别与判断。
SYN-0076,HKG-NODE-NODE-NODE-14,代数,比和比例,判断两个相关量是否成反比例,反比例关系,variant,zh,Grade 6 semester 1,常见名称，但既可能指概念，也可能指判断、应用等更宽范围。此处按识别判断范围收录。
SYN-0077,HKG-NODE-NODE-NODE-14,代数,比和比例,判断两个相关量是否成反比例,成反比例,variant,zh,Grade 6 semester 1,常见短语，通常出现在判断性语境中。
SYN-0078,HKG-NODE-NODE-NODE-14,代数,比和比例,判断两个相关量是否成反比例,两种量成反比例,variant,zh,Grade 6 semester 1,强调对象为两种量，常见于判断题、结论句。
SYN-0079,HKG-NODE-NODE-NODE-16,代数,比和比例,用比例尺表示图上距离与实际距离的对应关系，并进行简单求值,用比例尺表示图上距离与实际距离的对应关系，并进行简单求值,canonical,zh,Grade 6 semester 1,节点规范名称。强调利用比例尺建立图上距离与实际距离对应，并进行简单计算。与节点 21 的“简单换算”几乎同域。
SYN-0080,HKG-NODE-NODE-NODE-16,代数,比和比例,用比例尺表示图上距离与实际距离的对应关系，并进行简单求值,比例尺应用,variant,zh,Grade 6 semester 1,常见概括名称，但范围可能过宽，可能包括读比例尺、单位换算、求图距和实距等多个子任务。
SYN-0081,HKG-NODE-NODE-NODE-16,代数,比和比例,用比例尺表示图上距离与实际距离的对应关系，并进行简单求值,根据比例尺求图上距离或实际距离,variant,zh,Grade 6 semester 1,较贴近本节点的操作性表述，强调已知比例尺时的求值任务。
SYN-0082,HKG-NODE-NODE-NODE-16,代数,比和比例,用比例尺表示图上距离与实际距离的对应关系，并进行简单求值,比例尺计算,variant,zh,Grade 6 semester 1,简短常用说法，但略泛，可指更复杂的比例尺相关运算。
SYN-0083,HKG-NODE-NODE-NODE-21,代数,比和比例,用比例尺表示图上距离与实际距离的对应关系，并进行简单换算,用比例尺表示图上距离与实际距离的对应关系，并进行简单换算,canonical,zh,Grade 6 semester 1,节点规范名称。强调利用比例尺在图上距离与实际距离之间进行换算。与节点 16 高度重合。
SYN-0084,HKG-NODE-NODE-NODE-21,代数,比和比例,用比例尺表示图上距离与实际距离的对应关系，并进行简单换算,比例尺应用,variant,zh,Grade 6 semester 1,常见总括表述，通常可覆盖本节点，但不够精确。
SYN-0085,HKG-NODE-NODE-NODE-21,代数,比和比例,用比例尺表示图上距离与实际距离的对应关系，并进行简单换算,图上距离与实际距离的比例,variant,zh,Grade 6 semester 1,接近比例尺所表达的关系，但该表述更像概念性描述，不一定包含“换算/求值”操作。
SYN-0086,HKG-NODE-NODE-NODE-21,代数,比和比例,用比例尺表示图上距离与实际距离的对应关系，并进行简单换算,按比例尺求实际距离或图上距离,variant,zh,Grade 6 semester 1,操作性很强的同义表达，覆盖从比例尺进行简单换算求值的任务。
SYN-0087,HKG-NODE-NODE-NODE-27,代数,整式,识别单项式并理解单项式由数与字母的积表示,识别单项式并理解单项式由数与字母的积表示,canonical,zh,Grade 7 semester 1,节点规范名称，强调识别与对“数与字母的积”这一形式的初步理解。
SYN-0088,HKG-NODE-NODE-NODE-27,代数,整式,识别单项式并理解单项式由数与字母的积表示,单项式的概念,variant,zh,Grade 7 semester 1,常见概括说法；与节点28“单项式的概念”几乎同形，当前可能存在节点重合，需人工审查是否合并或按教学目标细分。
SYN-0089,HKG-NODE-NODE-NODE-27,代数,整式,识别单项式并理解单项式由数与字母的积表示,单项式的定义,variant,zh,Grade 7 semester 1,可指向单项式的入门定义，通常服务于识别单项式；但也可能被用于更严格的定义表述。
SYN-0090,HKG-NODE-NODE-NODE-27,代数,整式,识别单项式并理解单项式由数与字母的积表示,认识单项式,textbook_phrase,zh,Grade 7 semester 1,偏教学活动标题，适合本节点“识别与理解”的入门范围。
SYN-0091,HKG-NODE-NODE-NODE-27,代数,整式,识别单项式并理解单项式由数与字母的积表示,判断一个代数式是不是单项式,variant,zh,Grade 7 semester 1,属于识别单项式的任务化表达，未超出本节点范围。
SYN-0092,HKG-NODE-NODE-NODE-27,代数,整式,识别单项式并理解单项式由数与字母的积表示,单项式是数与字母的积,textbook_phrase,zh,Grade 7 semester 1,概括本节点核心理解；属于释义型表述，不是精确定义的唯一版本。
SYN-0093,HKG-NODE-NODE-NODE-28,代数,整式,单项式的概念,单项式的概念,canonical,zh,Grade 7 semester 1,节点规范名称，聚焦单项式作为一类代数式的概念识别。
SYN-0094,HKG-NODE-NODE-NODE-28,代数,整式,单项式的概念,单项式定义,variant,zh,Grade 7 semester 1,紧凑写法，通常与“单项式的定义”同义。
SYN-0095,HKG-NODE-NODE-NODE-28,代数,整式,单项式的概念,单项式的定义,variant,zh,Grade 7 semester 1,常见表述，直接对应概念说明。
SYN-0096,HKG-NODE-NODE-NODE-28,代数,整式,单项式的概念,什么是单项式,textbook_phrase,zh,Grade 7 semester 1,问答式标题，常用于概念导入。
SYN-0097,HKG-NODE-NODE-NODE-28,代数,整式,单项式的概念,单项式概念,abbreviation,zh,Grade 7 semester 1,省略“的”后的简写形式。
SYN-0099,HKG-NODE-NODE-NODE-31,代数,整式,多项式的概念,多项式的概念,canonical,zh,Grade 7 semester 1,节点规范名称，聚焦多项式的识别与基本理解。
SYN-0100,HKG-NODE-NODE-NODE-31,代数,整式,多项式的概念,多项式概念,abbreviation,zh,Grade 7 semester 1,常见简写形式。
SYN-0101,HKG-NODE-NODE-NODE-31,代数,整式,多项式的概念,什么是多项式,textbook_phrase,zh,Grade 7 semester 1,问答式概念导入表述。
SYN-0102,HKG-NODE-NODE-NODE-31,代数,整式,多项式的概念,多项式定义,variant,zh,Grade 7 semester 1,紧凑写法，通常与“多项式的定义”同义。
SYN-0103,HKG-NODE-NODE-NODE-31,代数,整式,多项式的概念,多项式的定义,variant,zh,Grade 7 semester 1,常见概念说明用语。
SYN-0104,HKG-NODE-NODE-NODE-31,代数,整式,多项式的概念,由若干单项式的和组成的整式,textbook_phrase,zh,Grade 7 semester 1,释义型表述，指向多项式概念；属于内容概括而非唯一标准措辞。
SYN-0105,HKG-NODE-NODE-NODE-33,代数,整式,多项式的次数,多项式的次数,canonical,zh,Grade 7 semester 1,节点规范名称，指确定多项式次数。
SYN-0106,HKG-NODE-NODE-NODE-33,代数,整式,多项式的次数,多项式次数,abbreviation,zh,Grade 7 semester 1,常见省略形式。
SYN-0107,HKG-NODE-NODE-NODE-33,代数,整式,多项式的次数,求多项式的次数,variant,zh,Grade 7 semester 1,题型/操作化表达，仍指向本节点。
SYN-0108,HKG-NODE-NODE-NODE-33,代数,整式,多项式的次数,确定多项式的次数,variant,zh,Grade 7 semester 1,与“求多项式的次数”基本同义。
SYN-0109,HKG-NODE-NODE-NODE-33,代数,整式,多项式的次数,多项式的最高次数,textbook_phrase,zh,Grade 7 semester 1,可作为概念解释的近义表述；但单独使用时也可能指某个具体多项式中最高次项的次数。
SYN-0110,HKG-NODE-NODE-NODE-38,代数,整式,整式的概念,整式的概念,canonical,zh,Grade 7 semester 1,节点规范名称，指整式作为代数式类别的整体概念。
SYN-0111,HKG-NODE-NODE-NODE-38,代数,整式,整式的概念,整式概念,abbreviation,zh,Grade 7 semester 1,简写形式。
SYN-0112,HKG-NODE-NODE-NODE-38,代数,整式,整式的概念,整式的定义,variant,zh,Grade 7 semester 1,常见概念说明表述。
SYN-0113,HKG-NODE-NODE-NODE-38,代数,整式,整式的概念,什么是整式,textbook_phrase,zh,Grade 7 semester 1,问答式概念导入表述。
SYN-0115,HKG-NODE-NODE-NODE-45,代数,整式,合并同类项化简整式,合并同类项化简整式,canonical,zh,Grade 7 semester 1,节点规范名称，强调在化简整式情境中的合并同类项操作。
SYN-0116,HKG-NODE-NODE-NODE-45,代数,整式,合并同类项化简整式,合并同类项,variant,zh,Grade 7 semester 1,常用简称；但与节点47规范名完全重合，可能是更基础或更泛化的同一知识点。
SYN-0117,HKG-NODE-NODE-NODE-45,代数,整式,合并同类项化简整式,化简整式中的同类项,variant,zh,Grade 7 semester 1,给定同义表达，突出应用场景是整式化简。
SYN-0118,HKG-NODE-NODE-NODE-45,代数,整式,合并同类项化简整式,用合并同类项化简整式,textbook_phrase,zh,Grade 7 semester 1,程序性表达，未超出本节点范围。
SYN-0119,HKG-NODE-NODE-NODE-45,代数,整式,合并同类项化简整式,整式化简中的合并同类项,variant,zh,Grade 7 semester 1,强调该操作嵌入整式化简过程。
SYN-0120,HKG-NODE-NODE-NODE-47,代数,整式,合并同类项,合并同类项,canonical,zh,Grade 7 semester 1,节点规范名称，指同类项系数相加减、字母部分不变的基本运算。
SYN-0121,HKG-NODE-NODE-NODE-47,代数,整式,合并同类项,同类项合并,variant,zh,Grade 7 semester 1,语序变体，含义一致。
SYN-0122,HKG-NODE-NODE-NODE-47,代数,整式,合并同类项,整式中的合并同类项,variant,zh,Grade 7 semester 1,给定同义表达，强调对象是整式。
SYN-0124,HKG-NODE-NODE-NODE-47,代数,整式,合并同类项,合并同类项化简整式,variant,zh,Grade 7 semester 1,可作更具体应用说法，但与节点45规范名完全一致，存在节点重叠问题。
SYN-0125,HKG-NODE-NODE-NODE-49,代数,方程,二元一次方程组的概念与解的意义,二元一次方程组的概念与解的意义,canonical,zh,Grade 7 semester 2,节点规范名称，涵盖识别二元一次方程组及理解其解满足两个方程。
SYN-0126,HKG-NODE-NODE-NODE-49,代数,方程,二元一次方程组的概念与解的意义,二元一次方程组,variant,zh,Grade 7 semester 2,可指概念，也可泛指整个单元或求解过程；在本节点中仅取概念层含义。
SYN-0127,HKG-NODE-NODE-NODE-49,代数,方程,二元一次方程组的概念与解的意义,二元一次方程组的解,variant,zh,Grade 7 semester 2,常用于说明解的意义，即一组数同时满足两个方程。
SYN-0128,HKG-NODE-NODE-NODE-49,代数,方程,二元一次方程组的概念与解的意义,什么是二元一次方程组,textbook_phrase,zh,Grade 7 semester 2,问答式概念导入表述。
SYN-0129,HKG-NODE-NODE-NODE-49,代数,方程,二元一次方程组的概念与解的意义,二元一次方程组的解的意义,variant,zh,Grade 7 semester 2,突出“解”的含义，不涉及具体解法步骤。
SYN-0130,HKG-NODE-NODE-NODE-49,代数,方程,二元一次方程组的概念与解的意义,二元一次方程组概念,abbreviation,zh,Grade 7 semester 2,简写形式，默认仅取概念部分。
SYN-0131,HKG-NODE-NODE-NODE-52,代数,方程,二元一次方程组的求解,二元一次方程组的求解,canonical,zh,Grade 7 semester 2,节点规范名称，指对二元一次方程组进行求解并用于基本问题解决。
SYN-0132,HKG-NODE-NODE-NODE-52,代数,方程,二元一次方程组的求解,解二元一次方程组,variant,zh,Grade 7 semester 2,最常见的操作化表达。
SYN-0133,HKG-NODE-NODE-NODE-52,代数,方程,二元一次方程组的求解,二元一次方程组及其求解,textbook_phrase,zh,Grade 7 semester 2,单元标题式表述；包含概念与求解两层，当前归入求解节点时有一定泛化。
SYN-0134,HKG-NODE-NODE-NODE-52,代数,方程,二元一次方程组的求解,求解二元一次方程组,variant,zh,Grade 7 semester 2,与“解二元一次方程组”同义。
SYN-0135,HKG-NODE-NODE-NODE-52,代数,方程,二元一次方程组的求解,二元一次方程组的解法,variant,zh,Grade 7 semester 2,常见课堂表达，指向求解程序而非概念。
SYN-0136,HKG-NODE-NODE-NODE-58,代数,方程与不等式,一元一次不等式组的求解与公共解集,一元一次不等式组的求解与公共解集,canonical,zh,Grade 7 semester 2,节点规范名称，涵盖求解及确定公共解集。
SYN-0137,HKG-NODE-NODE-NODE-58,代数,方程与不等式,一元一次不等式组的求解与公共解集,一元一次不等式组,variant,zh,Grade 7 semester 2,可指概念、章节或求解内容；在本节点中仅取求解与解集语境。
SYN-0138,HKG-NODE-NODE-NODE-58,代数,方程与不等式,一元一次不等式组的求解与公共解集,解一元一次不等式组,variant,zh,Grade 7 semester 2,操作化表达，直接指向本节点。
SYN-0139,HKG-NODE-NODE-NODE-58,代数,方程与不等式,一元一次不等式组的求解与公共解集,求不等式组的解集,variant,zh,Grade 7 semester 2,给定同义表达，默认在初中阶段通常指一元一次不等式组。
SYN-0140,HKG-NODE-NODE-NODE-58,代数,方程与不等式,一元一次不等式组的求解与公共解集,一元一次不等式组的解集,variant,zh,Grade 7 semester 2,聚焦结果对象“解集”，仍在本节点范围内。
SYN-0141,HKG-NODE-NODE-NODE-58,代数,方程与不等式,一元一次不等式组的求解与公共解集,一元一次不等式组的公共解集,variant,zh,Grade 7 semester 2,更突出多个不等式联立后的共同满足范围。
SYN-0142,HKG-NODE-NODE-NODE-58,代数,方程与不等式,一元一次不等式组的求解与公共解集,求一元一次不等式组的公共解,variant,zh,Grade 7 semester 2,任务化表达，与确定公共解集同向。
SYN-0143,HKG-NODE-NODE-NODE-65,代数,不等式,求解一元一次不等式组，并确定其公共解集,求解一元一次不等式组，并确定其公共解集,canonical,zh,Grade 7 semester 2,规范知识点名称，范围包括求解由若干一元一次不等式组成的不等式组，并确定公共解集。
SYN-0144,HKG-NODE-NODE-NODE-65,代数,不等式,求解一元一次不等式组，并确定其公共解集,解一元一次不等式组,variant,zh,Grade 7 semester 2,常见简写说法；通常默认包含求出各不等式解并取公共部分。
SYN-0145,HKG-NODE-NODE-NODE-65,代数,不等式,求解一元一次不等式组，并确定其公共解集,一元一次不等式组的解集,variant,zh,Grade 7 semester 2,可指该类对象的解集问题；表述重心偏结果而非过程，但与本节点范围基本一致。
SYN-0146,HKG-NODE-NODE-NODE-65,代数,不等式,求解一元一次不等式组，并确定其公共解集,不等式组的公共解,variant,zh,Grade 7 semester 2,指多个不等式解集的公共部分；“不等式组”未必限定为一元一次，存在跨节点歧义，需结合上下文判定。
SYN-0147,HKG-NODE-NODE-NODE-65,代数,不等式,求解一元一次不等式组，并确定其公共解集,一元一次不等式组,textbook_phrase,zh,Grade 7 semester 2,来源标题直接支持的对象名；单独出现时也可能指概念或单元标题，不一定特指“求解并确定公共解集”。
SYN-0148,HKG-NODE-NODE-NODE-76,代数,整式,因式分解,因式分解,canonical,zh,Grade 8 semester 1,规范知识点名称，指把多项式化为几个整式的积。
SYN-0149,HKG-NODE-NODE-NODE-76,代数,整式,因式分解,分解因式,variant,zh,Grade 8 semester 1,与“因式分解”同义的常用教材表述。
SYN-0150,HKG-NODE-NODE-NODE-76,代数,整式,因式分解,多项式因式分解,variant,zh,Grade 8 semester 1,较明确地点出对象是多项式，和本节点范围一致。
SYN-0151,HKG-NODE-NODE-NODE-77,代数,整式,整式的乘除与因式分解,整式的乘除与因式分解,canonical,zh,Grade 8 semester 1,聚合型单元名称，涵盖整式乘法、整式除法与因式分解。
SYN-0152,HKG-NODE-NODE-NODE-77,代数,整式,整式的乘除与因式分解,整式的乘除与分解因式,variant,zh,Grade 8 semester 1,与规范名同义，保留来源中的并列表达。
SYN-0154,HKG-NODE-NODE-NODE-85,代数,分式,分式的约分,分式的约分,canonical,zh,Grade 8 semester 1,规范知识点名称，指在代数式情境下利用公因式化简分式。
SYN-0155,HKG-NODE-NODE-NODE-85,代数,分式,分式的约分,分式约分,variant,zh,Grade 8 semester 1,常见简写表达，与规范名同义。
SYN-0157,HKG-NODE-NODE-NODE-86,代数,分式,分式的通分,分式的通分,canonical,zh,Grade 8 semester 1,规范知识点名称，指选取适当公分母，把分式化为同分母分式。
SYN-0158,HKG-NODE-NODE-NODE-86,代数,分式,分式的通分,分式通分,variant,zh,Grade 8 semester 1,常见简写表达，与规范名同义。
SYN-0160,HKG-NODE-NODE-NODE-90,代数,分式,分式方程的求解,分式方程的求解,canonical,zh,Grade 8 semester 1,规范知识点名称，强调求解过程与结果。
SYN-0161,HKG-NODE-NODE-NODE-90,代数,分式,分式方程的求解,解分式方程,variant,zh,Grade 8 semester 1,常见动宾式表述，与规范名同义。
SYN-0163,HKG-NODE-NODE-NODE-90,代数,分式,分式方程的求解,求解分式方程,textbook_phrase,zh,Grade 8 semester 1,与规范名同义的常见教材标题式表达。
SYN-0164,HKG-NODE-NODE-NODE-93,代数,分式,分式方程及其求解,分式方程及其求解,canonical,zh,Grade 8 semester 1,规范知识点名称，兼顾对象识别与求解。
SYN-0168,HKG-NODE-NODE-NODE-98,代数,根式,二次根式,二次根式,canonical,zh,Grade 8 semester 2,规范知识点名称，表示对二次根式对象本身的认识。
SYN-0169,HKG-NODE-NODE-NODE-98,代数,根式,二次根式,二次根式概念,variant,zh,Grade 8 semester 2,强调概念层面，适合与运算内容区分。
SYN-0170,HKG-NODE-NODE-NODE-98,代数,根式,二次根式,二次根式基础,variant,zh,Grade 8 semester 2,较口语化，通常指入门性内容；边界比规范名更模糊。
SYN-0172,HKG-NODE-NODE-NODE-100,代数,根式,二次根式及其运算,二次根式及其运算,canonical,zh,Grade 8 semester 2,聚合型单元名称，包含二次根式对象及其相关运算。
SYN-0173,HKG-NODE-NODE-NODE-100,代数,根式,二次根式及其运算,二次根式单元,variant,zh,Grade 8 semester 2,用于指称该主题单元，范围比细粒度知识点更宽。
SYN-0174,HKG-NODE-NODE-NODE-100,代数,根式,二次根式及其运算,二次根式与运算,variant,zh,Grade 8 semester 2,与规范名近义的并列式表达。
SYN-0176,HKG-NODE-NODE-NODE-102,代数,函数,一次函数图像的作法与识别,一次函数图像的作法与识别,canonical,zh,Grade 8 semester 2,规范知识点名称，覆盖一次函数图像的作图与由图像或解析式进行基本识别。
SYN-0177,HKG-NODE-NODE-NODE-102,代数,函数,一次函数图像的作法与识别,一次函数的图像,variant,zh,Grade 8 semester 2,常见教材表述；单独出现时可能仅指图像性质介绍，也可能包含作图。
SYN-0178,HKG-NODE-NODE-NODE-102,代数,函数,一次函数图像的作法与识别,一次函数图像,variant,zh,Grade 8 semester 2,简写形式；可能指图像对象、图像性质或图像作法，需结合上下文。
SYN-0179,HKG-NODE-NODE-NODE-102,代数,函数,一次函数图像的作法与识别,y=kx+b的图像,formula,mixed,Grade 8 semester 2,以解析式指代一次函数图像；默认讨论k、b为常数且对应直线图像。
SYN-0181,HKG-NODE-NODE-NODE-104,代数,函数,一次函数的概念与解析式形式,一次函数的概念与解析式形式,canonical,zh,Grade 8 semester 2,节点规范名；范围偏向一次函数的对象识别与解析式形式，不自动包含图像性质全范围。
SYN-0182,HKG-NODE-NODE-NODE-104,代数,函数,一次函数的概念与解析式形式,一次函数,variant,zh,Grade 8 semester 2,常用简称，但在教材中也可能泛指包含图像、性质、应用的整个单元；此处仅挂接到概念与解析式形式这一较窄范围，存在范围偏宽歧义。
SYN-0184,HKG-NODE-NODE-NODE-104,代数,函数,一次函数的概念与解析式形式,y=kx+b,formula,symbolic,Grade 8 semester 2,一次函数常见解析式形式。若教材要求附带系数条件，通常需排除退化情形；当前来源未稳定支持精确条件表述。
SYN-0185,HKG-NODE-NODE-NODE-104,代数,函数,一次函数的概念与解析式形式,形如y=kx+b的函数,textbook_phrase,zh,Grade 8 semester 2,用于识别一次函数解析式形式的常见表述；可能与“正比例函数是b=0的特例”形成边界关联。
SYN-0186,HKG-NODE-NODE-NODE-108,代数,函数,正比例函数,正比例函数,canonical,zh,Grade 8 semester 2,作为单元级或对象级表层形式，可能覆盖概念、图像、性质、应用等完整范围。
SYN-0187,HKG-NODE-NODE-NODE-108,代数,函数,正比例函数,成正比例的函数,variant,zh,Grade 8 semester 2,与正比例函数常互指，但在语言使用中也可能是关系描述，不一定严格指向课程节点边界。
SYN-0188,HKG-NODE-NODE-NODE-108,代数,函数,正比例函数,y=kx型函数,textbook_phrase,mixed,Grade 8 semester 2,用于识别正比例函数的常见形式化说法；通常默认k不为0，但当前来源未稳定支持完整条件。
SYN-0189,HKG-NODE-NODE-NODE-108,代数,函数,正比例函数,y=kx,formula,symbolic,Grade 8 semester 2,正比例函数的典型解析式。单独公式有时也可能仅表示某一个具体函数，不必然指整个知识点。
SYN-0190,HKG-NODE-NODE-NODE-109,代数,函数,正比例函数的概念,正比例函数的概念,canonical,zh,Grade 8 semester 2,规范名，较节点108更窄，聚焦定义与识别。
SYN-0191,HKG-NODE-NODE-NODE-109,代数,函数,正比例函数的概念,正比例函数,variant,zh,Grade 8 semester 2,高频表层形式，但也可能指整个对象学习范围，而非仅“概念”。与节点108范围有重叠歧义。
SYN-0192,HKG-NODE-NODE-NODE-109,代数,函数,正比例函数的概念,y=kx型函数,textbook_phrase,mixed,Grade 8 semester 2,可用于概念识别；与节点108同样适配，因而存在概念节点与总节点竞争。
SYN-0193,HKG-NODE-NODE-NODE-109,代数,函数,正比例函数的概念,形如y=kx的函数,textbook_phrase,mixed,Grade 8 semester 2,常见定义式表述，通常需配合系数条件理解。
SYN-0194,HKG-NODE-NODE-Y-KX-B-B-0-Y-KX,代数,函数,正比例函数是一次函数的特殊情形；一次函数 y=kx+b 在 b=0 时成为正比例函数 y=kx,正比例函数是一次函数的特殊情形；一次函数 y=kx+b 在 b=0 时成为正比例函数 y=kx,canonical,mixed,Grade 8 semester 2,规范名，强调包含关系与形式特例。
SYN-0195,HKG-NODE-NODE-Y-KX-B-B-0-Y-KX,代数,函数,正比例函数是一次函数的特殊情形；一次函数 y=kx+b 在 b=0 时成为正比例函数 y=kx,正比例函数是特殊的一次函数,variant,zh,Grade 8 semester 2,高频关系表述，语义与规范名一致，但未显式写出b=0条件。
SYN-0196,HKG-NODE-NODE-Y-KX-B-B-0-Y-KX,代数,函数,正比例函数是一次函数的特殊情形；一次函数 y=kx+b 在 b=0 时成为正比例函数 y=kx,一次函数与正比例函数的包含关系,variant,zh,Grade 8 semester 2,强调集合关系，不涉及图像性质。
SYN-0197,HKG-NODE-NODE-Y-KX-B-B-0-Y-KX,代数,函数,正比例函数是一次函数的特殊情形；一次函数 y=kx+b 在 b=0 时成为正比例函数 y=kx,一次函数和正比例函数的关系,variant,zh,Grade 8 semester 2,常见但较宽泛，也可能被理解为图像、性质等多方面比较；此处仅限包含关系与式形辨析。
SYN-0198,HKG-NODE-NODE-Y-KX-B-B-0-Y-KX,代数,函数,正比例函数是一次函数的特殊情形；一次函数 y=kx+b 在 b=0 时成为正比例函数 y=kx,b=0时一次函数成为正比例函数,textbook_phrase,mixed,Grade 8 semester 2,直接点出特例判定条件。
SYN-0199,HKG-NODE-NODE-Y-KX-B-B-0-Y-KX,代数,函数,正比例函数是一次函数的特殊情形；一次函数 y=kx+b 在 b=0 时成为正比例函数 y=kx,y=kx+b在b=0时为y=kx,formula,symbolic,Grade 8 semester 2,形式化表达两类函数的特例关系；单独使用时更像命题而非知识点名称。
SYN-0200,HKG-NODE-NODE-Y-KX-B-B-0,代数,函数,正比例函数是一类特殊的一次函数；一次函数 y=kx+b 在 b=0 时成为正比例函数,正比例函数是一类特殊的一次函数；一次函数 y=kx+b 在 b=0 时成为正比例函数,canonical,mixed,Grade 8 semester 2,与另一关系节点高度近似，差别主要在规范名措辞。
SYN-0201,HKG-NODE-NODE-Y-KX-B-B-0,代数,函数,正比例函数是一类特殊的一次函数；一次函数 y=kx+b 在 b=0 时成为正比例函数,一次函数与正比例函数的关系,variant,zh,Grade 8 semester 2,常见关系表述，但与节点HKG-NODE-NODE-Y-KX-B-B-0-Y-KX完全重叠可能性很高。
SYN-0202,HKG-NODE-NODE-Y-KX-B-B-0,代数,函数,正比例函数是一类特殊的一次函数；一次函数 y=kx+b 在 b=0 时成为正比例函数,正比例函数与一次函数的关系,variant,zh,Grade 8 semester 2,与上一表述同义，仅语序不同。
SYN-0203,HKG-NODE-NODE-Y-KX-B-B-0,代数,函数,正比例函数是一类特殊的一次函数；一次函数 y=kx+b 在 b=0 时成为正比例函数,正比例函数是特殊的一次函数,variant,zh,Grade 8 semester 2,高频表述，与另一关系节点同义重叠明显。
SYN-0204,HKG-NODE-NODE-Y-KX-B-B-0,代数,函数,正比例函数是一类特殊的一次函数；一次函数 y=kx+b 在 b=0 时成为正比例函数,一次函数和正比例函数的联系,variant,zh,Grade 8 semester 2,“联系”比“关系”更宽，可能被理解为性质比较；此处仅限特例与包含关系。
SYN-0206,HKG-NODE-NODE-NODE-110,代数,方程,一元二次方程的求解,一元二次方程的求解,canonical,zh,Grade 9 semester 1,规范名，聚焦求根活动和解法总主题。
SYN-0207,HKG-NODE-NODE-NODE-110,代数,方程,一元二次方程的求解,一元二次方程求解,variant,zh,Grade 9 semester 1,去“的”后的等义写法。
SYN-0208,HKG-NODE-NODE-NODE-110,代数,方程,一元二次方程的求解,解一元二次方程,variant,zh,Grade 9 semester 1,常用任务型表述。
SYN-0209,HKG-NODE-NODE-NODE-110,代数,方程,一元二次方程的求解,求一元二次方程的解,textbook_phrase,zh,Grade 9 semester 1,动作导向表述，语义与求解节点一致。
SYN-0211,HKG-NODE-NODE-NODE-111,代数,方程,一元二次方程求解,一元二次方程求解,canonical,zh,Grade 9 semester 1,规范名，与节点110几乎同义，仅语序和虚词差异。
SYN-0212,HKG-NODE-NODE-NODE-111,代数,方程,一元二次方程求解,解一元二次方程,variant,zh,Grade 9 semester 1,任务型表述，与节点110高度重叠。
SYN-0213,HKG-NODE-NODE-NODE-111,代数,方程,一元二次方程求解,一元二次方程的求解,variant,zh,Grade 9 semester 1,与节点110规范名一致的等义说法。
SYN-0214,HKG-NODE-NODE-NODE-111,代数,方程,一元二次方程求解,求一元二次方程的解,textbook_phrase,zh,Grade 9 semester 1,与求解主题一致，但不能区分节点110与111。
SYN-0215,HKG-NODE-NODE-Y-AX-2-BX-C-A-0,代数,函数,一元二次函数的概念与解析式y=ax^2+bx+c（a≠0）,一元二次函数的概念与解析式y=ax^2+bx+c（a≠0）,canonical,mixed,Grade 9 semester 1,规范名，聚焦概念识别与一般解析式。
SYN-0216,HKG-NODE-NODE-Y-AX-2-BX-C-A-0,代数,函数,一元二次函数的概念与解析式y=ax^2+bx+c（a≠0）,二次函数,variant,zh,Grade 9 semester 1,初中阶段常默认指一元二次函数，但在更广数学语境中可泛指更一般二次函数，存在外延偏宽。
SYN-0217,HKG-NODE-NODE-Y-AX-2-BX-C-A-0,代数,函数,一元二次函数的概念与解析式y=ax^2+bx+c（a≠0）,一元二次函数,variant,zh,Grade 9 semester 1,高频对象名，但也可能指整个单元对象而非仅概念与一般式；与近重复节点存在竞争。
SYN-0218,HKG-NODE-NODE-Y-AX-2-BX-C-A-0,代数,函数,一元二次函数的概念与解析式y=ax^2+bx+c（a≠0）,形如y=ax^2+bx+c（a≠0）的函数,textbook_phrase,mixed,Grade 9 semester 1,定义式表述，直接对应一般形式。
SYN-0219,HKG-NODE-NODE-Y-AX-2-BX-C-A-0,代数,函数,一元二次函数的概念与解析式y=ax^2+bx+c（a≠0）,y=ax^2+bx+c,formula,symbolic,Grade 9 semester 1,一般式裸写；若不附a≠0条件，会与一次函数或其他退化情形边界不清。
SYN-0220,HKG-NODE-NODE-Y-AX-2-BX-C-A-0,代数,函数,一元二次函数的概念与解析式y=ax^2+bx+c（a≠0）,y=ax^2+bx+c（a≠0）,formula,symbolic,Grade 9 semester 1,更完整的一般式表层，适于识别节点范围。
SYN-0221,HKG-NODE-NODE-Y-AX-BX-C-A-0,代数,函数,一元二次函数的概念与一般形式（y=ax²+bx+c，a≠0）,一元二次函数的概念与一般形式（y=ax²+bx+c，a≠0）,canonical,mixed,Grade 9 semester 1,规范名；与相邻节点在范围上几乎完全重合，仅公式排版不同。
SYN-0222,HKG-NODE-NODE-Y-AX-BX-C-A-0,代数,函数,一元二次函数的概念与一般形式（y=ax²+bx+c，a≠0）,二次函数,variant,zh,Grade 9 semester 1,初中常作一元二次函数简称，但跨语境有外延歧义。
SYN-0223,HKG-NODE-NODE-Y-AX-BX-C-A-0,代数,函数,一元二次函数的概念与一般形式（y=ax²+bx+c，a≠0）,一元二次函数,variant,zh,Grade 9 semester 1,高频对象名，与节点HKG-NODE-NODE-Y-AX-2-BX-C-A-0竞争明显。
SYN-0224,HKG-NODE-NODE-Y-AX-BX-C-A-0,代数,函数,一元二次函数的概念与一般形式（y=ax²+bx+c，a≠0）,一般形式y=ax²+bx+c（a≠0）,textbook_phrase,mixed,Grade 9 semester 1,强调“一般形式”而不展开图像性质。
SYN-0225,HKG-NODE-NODE-Y-AX-BX-C-A-0,代数,函数,一元二次函数的概念与一般形式（y=ax²+bx+c，a≠0）,y=ax²+bx+c（a≠0）,formula,symbolic,Grade 9 semester 1,一般式表层，可直接用于识别二次函数类型。
SYN-0226,HKG-NODE-NODE-NODE-123,代数,函数,根据二次函数表达式确定抛物线的对称轴,根据二次函数表达式确定抛物线的对称轴,canonical,zh,Grade 9 semester 2,规范名，聚焦由解析式求对称轴。
SYN-0227,HKG-NODE-NODE-NODE-123,代数,函数,根据二次函数表达式确定抛物线的对称轴,求二次函数的对称轴,variant,zh,Grade 9 semester 2,常用任务型表述；默认语境是由表达式确定对称轴。
SYN-0228,HKG-NODE-NODE-NODE-123,代数,函数,根据二次函数表达式确定抛物线的对称轴,求抛物线对称轴,variant,zh,Grade 9 semester 2,与二次函数图像相关，但“抛物线”也可出现在几何语境，需依赖上下文确定。
SYN-0229,HKG-NODE-NODE-NODE-123,代数,函数,根据二次函数表达式确定抛物线的对称轴,确定二次函数图象的对称轴,variant,zh,Grade 9 semester 2,与规范名同义，强调图象对象。
SYN-0230,HKG-NODE-NODE-NODE-123,代数,函数,根据二次函数表达式确定抛物线的对称轴,由二次函数表达式求对称轴,textbook_phrase,zh,Grade 9 semester 2,更明确地限定操作来源是解析式而非作图观察。
SYN-0231,HKG-NODE-NODE-NODE-123,代数,函数,根据二次函数表达式确定抛物线的对称轴,x=-b/2a,formula,symbolic,Grade 9 semester 2,二次函数一般式对应的对称轴公式；但该公式也可关联顶点坐标等相邻知识点，非唯一指向本节点。
SYN-0232,HKG-NODE-NODE-NODE-124,代数,函数,根据二次函数表达式确定抛物线的开口方向,根据二次函数表达式确定抛物线的开口方向,canonical,zh,Grade 9 semester 2,节点规范名；强调由解析式中的二次项系数判断开口向上或向下。
SYN-0233,HKG-NODE-NODE-NODE-124,代数,函数,根据二次函数表达式确定抛物线的开口方向,求二次函数开口方向,variant,zh,Grade 9 semester 2,常见题目表述，默认是根据表达式或已知解析式判断开口方向。
SYN-0234,HKG-NODE-NODE-NODE-124,代数,函数,根据二次函数表达式确定抛物线的开口方向,判断抛物线开口方向,variant,zh,Grade 9 semester 2,与节点范围基本一致，但“抛物线”在更广语境中也可能脱离函数表达式单独讨论，存在轻微范围泛化风险。
SYN-0235,HKG-NODE-NODE-NODE-124,代数,函数,根据二次函数表达式确定抛物线的开口方向,确定二次函数图象开口方向,variant,zh,Grade 9 semester 2,突出图象层面的开口向上或向下判断。
SYN-0236,HKG-NODE-NODE-NODE-124,代数,函数,根据二次函数表达式确定抛物线的开口方向,a>0时开口向上，a<0时开口向下,formula,symbolic,Grade 9 semester 2,典型规则化表述；其中a指二次函数y=ax²+bx+c中的二次项系数。未扩展到|a|与开口大小的比较。
SYN-0237,HKG-NODE-NODE-NODE-124,代数,函数,根据二次函数表达式确定抛物线的开口方向,由二次项系数判断开口方向,textbook_phrase,zh,Grade 9 semester 2,与节点范围一致，直接点出判断依据是二次项系数符号。
SYN-0238,HKG-NODE-NODE-NODE-130,代数,函数,二次函数在对称轴两侧区间上的增减性,二次函数在对称轴两侧区间上的增减性,canonical,zh,Grade 9 semester 2,节点规范名；强调以对称轴左右两侧区间为讨论对象。
SYN-0240,HKG-NODE-NODE-NODE-130,代数,函数,二次函数在对称轴两侧区间上的增减性,二次函数图象的增减性,variant,zh,Grade 9 semester 2,可用于本节点，但仍可能同时指顶点两侧的增减规律，需结合上下文判断。
SYN-0242,HKG-NODE-NODE-NODE-130,代数,函数,二次函数在对称轴两侧区间上的增减性,根据对称轴判断二次函数增减性,textbook_phrase,zh,Grade 9 semester 2,较好贴合本节点的操作范围：结合对称轴位置与开口方向判断左右区间的增减。
SYN-0243,HKG-NODE-NODE-NODE-130,代数,函数,二次函数在对称轴两侧区间上的增减性,对称轴左侧与右侧的增减性,variant,zh,Grade 9 semester 2,突出本节点与“对称轴两侧区间”这一划分方式的一致性。
SYN-0244,HKG-NODE-NODE-NODE-131,代数,函数,二次函数在顶点两侧区间上的增减性,二次函数在顶点两侧区间上的增减性,canonical,zh,Grade 9 semester 2,节点规范名；强调以顶点为分界讨论函数增减。
SYN-0245,HKG-NODE-NODE-NODE-131,代数,函数,二次函数在顶点两侧区间上的增减性,二次函数的增减性,variant,zh,Grade 9 semester 2,常见概括表述，但可能同时指节点130或更一般的函数增减性内容。
SYN-0248,HKG-NODE-NODE-NODE-131,代数,函数,二次函数在顶点两侧区间上的增减性,以顶点为分界讨论增减性,textbook_phrase,zh,Grade 9 semester 2,较准确刻画本节点核心操作范围。
SYN-0249,HKG-NODE-NODE-NODE-131,代数,函数,二次函数在顶点两侧区间上的增减性,顶点左侧与右侧区间上的增减性,variant,zh,Grade 9 semester 2,与规范名同义，强调顶点分界而非单独强调对称轴。
SYN-0250,HKG-NODE-NODE-NODE-133,几何,基本图形的认识,辨认并区分长方体、正方体、圆柱体、球,辨认并区分长方体、正方体、圆柱体、球,canonical,zh,Grade 1 semester 1,节点规范名；限定四种常见立体图形。
SYN-0251,HKG-NODE-NODE-NODE-133,几何,基本图形的认识,辨认并区分长方体、正方体、圆柱体、球,认识长方体、正方体、圆柱体、球,variant,zh,Grade 1 semester 1,低年级常见教学表述，与辨认命名范围一致。
SYN-0252,HKG-NODE-NODE-NODE-133,几何,基本图形的认识,辨认并区分长方体、正方体、圆柱体、球,辨认长方体、正方体、圆柱体、球,variant,zh,Grade 1 semester 1,与节点范围一致，强调直观识别。
SYN-0253,HKG-NODE-NODE-NODE-133,几何,基本图形的认识,辨认并区分长方体、正方体、圆柱体、球,区分四种常见立体图形,variant,zh,Grade 1 semester 1,可指本节点，但“四种”需依赖上下文对应长方体、正方体、圆柱体、球。
SYN-0255,HKG-NODE-NODE-NODE-134,几何,基本图形的认识,辨认并区分长方体、正方体、圆柱体、球等常见立体图形,辨认并区分长方体、正方体、圆柱体、球等常见立体图形,canonical,zh,Grade 1 semester 1,节点规范名；较133多出“等常见立体图形”这一更宽范围表达。
SYN-0256,HKG-NODE-NODE-NODE-134,几何,基本图形的认识,辨认并区分长方体、正方体、圆柱体、球等常见立体图形,区分长方体、正方体、圆柱体、球,variant,zh,Grade 1 semester 1,与本节点范围兼容，但也可完全指向节点133。
SYN-0257,HKG-NODE-NODE-NODE-134,几何,基本图形的认识,辨认并区分长方体、正方体、圆柱体、球等常见立体图形,辨认长方体、正方体、圆柱体、球,variant,zh,Grade 1 semester 1,与本节点兼容，但缺少“常见立体图形”扩展范围信息。
SYN-0258,HKG-NODE-NODE-NODE-134,几何,基本图形的认识,辨认并区分长方体、正方体、圆柱体、球等常见立体图形,认识长方体、正方体、圆柱体、球,variant,zh,Grade 1 semester 1,低年级常见表述，可归于本节点，也可归于节点133。
SYN-0259,HKG-NODE-NODE-NODE-134,几何,基本图形的认识,辨认并区分长方体、正方体、圆柱体、球等常见立体图形,认识常见立体图形,variant,zh,Grade 1 semester 1,更贴近本节点相对更宽的命名范围，但仍可能包括超出四种图形的内容。
SYN-0260,HKG-NODE-NODE-NODE-134,几何,基本图形的认识,辨认并区分长方体、正方体、圆柱体、球等常见立体图形,区分常见立体图形,variant,zh,Grade 1 semester 1,与本节点较为一致，强调辨认分类；但未明确具体图形集合。
SYN-0261,HKG-NODE-NODE-NODE-136,几何,基本图形的认识,用已认识的平面图形进行拼接，形成新的图形或图案,用已认识的平面图形进行拼接，形成新的图形或图案,canonical,zh,Grade 1 semester 2,节点规范名；强调低年级直观拼接活动。
SYN-0262,HKG-NODE-NODE-NODE-136,几何,基本图形的认识,用已认识的平面图形进行拼接，形成新的图形或图案,平面图形的拼接,variant,zh,Grade 1 semester 2,直接对应以已认识平面图形拼成新图形的活动。
SYN-0263,HKG-NODE-NODE-NODE-136,几何,基本图形的认识,用已认识的平面图形进行拼接，形成新的图形或图案,图形拼接,variant,zh,Grade 1 semester 2,常用简称，但略宽，理论上也可能包含立体图形拼接。
SYN-0264,HKG-NODE-NODE-NODE-136,几何,基本图形的认识,用已认识的平面图形进行拼接，形成新的图形或图案,用图形拼出新图形,variant,zh,Grade 1 semester 2,符合低年级操作性任务表述。
SYN-0265,HKG-NODE-NODE-NODE-136,几何,基本图形的认识,用已认识的平面图形进行拼接，形成新的图形或图案,图形的组合拼摆,variant,zh,Grade 1 semester 2,与拼接活动接近；“拼摆”偏操作活动名称，和本节点一致。
SYN-0266,HKG-NODE-NODE-NODE-140,几何,角,角的初步认识,角的初步认识,canonical,zh,Grade 2 semester 1,节点规范名；目前仅稳定支持入门级认识与识别。
SYN-0267,HKG-NODE-NODE-NODE-140,几何,角,角的初步认识,初步认识角,variant,zh,Grade 2 semester 1,与规范名语序不同，范围一致。
SYN-0268,HKG-NODE-NODE-NODE-140,几何,角,角的初步认识,认识角,variant,zh,Grade 2 semester 1,常见低年级表述，但在更高年级也可能用于角的分类、画法或测量单元标题。
SYN-0269,HKG-NODE-NODE-NODE-148,几何,图形的位置关系,初步认识平移现象,初步认识平移现象,canonical,zh,Grade 2 semester 2,节点规范名；侧重生活情境中的直观识别。
SYN-0270,HKG-NODE-NODE-NODE-148,几何,图形的位置关系,初步认识平移现象,平移的初步认识,variant,zh,Grade 2 semester 2,与规范名同义。
SYN-0271,HKG-NODE-NODE-NODE-148,几何,图形的位置关系,初步认识平移现象,认识平移,variant,zh,Grade 2 semester 2,常见教学简称；但在更高阶段也可能指作图或坐标中的平移。
SYN-0272,HKG-NODE-NODE-NODE-148,几何,图形的位置关系,初步认识平移现象,平移现象的认识,variant,zh,Grade 2 semester 2,较完整地点出“现象”层面，符合本节点。
SYN-0273,HKG-NODE-NODE-NODE-149,几何,图形的位置关系,初步认识旋转现象,初步认识旋转现象,canonical,zh,Grade 2 semester 2,节点规范名；侧重生活中的旋转识别。
SYN-0274,HKG-NODE-NODE-NODE-149,几何,图形的位置关系,初步认识旋转现象,旋转的初步认识,variant,zh,Grade 2 semester 2,与规范名同义。
SYN-0275,HKG-NODE-NODE-NODE-149,几何,图形的位置关系,初步认识旋转现象,认识旋转,variant,zh,Grade 2 semester 2,常见简称；在更高阶段也可能指旋转中心、角度及作图。
SYN-0276,HKG-NODE-NODE-NODE-149,几何,图形的位置关系,初步认识旋转现象,旋转现象的认识,variant,zh,Grade 2 semester 2,明确对应低年级直观认识范围。
SYN-0277,HKG-NODE-NODE-NODE-153,几何,周长和面积,长方形周长的计算,长方形周长的计算,canonical,zh,Grade 3 semester 1,节点规范名；聚焦长方形周长求法。
SYN-0278,HKG-NODE-NODE-NODE-153,几何,周长和面积,长方形周长的计算,长方形的周长计算,variant,zh,Grade 3 semester 1,与规范名同义。
SYN-0279,HKG-NODE-NODE-NODE-153,几何,周长和面积,长方形周长的计算,计算长方形周长,variant,zh,Grade 3 semester 1,题目指令式表述，与节点范围一致。
SYN-0280,HKG-NODE-NODE-NODE-153,几何,周长和面积,长方形周长的计算,长方形周长公式,variant,zh,Grade 3 semester 1,通常用于该节点，但表面形式更偏公式记忆，不完全等同于“计算”全过程。
SYN-0281,HKG-NODE-NODE-NODE-153,几何,周长和面积,长方形周长的计算,C=2(a+b),notation,symbolic,Grade 3 semester 1,长方形周长常用符号表达；其中a、b通常表示长和宽。符号选取可能随教材变化。
SYN-0282,HKG-NODE-NODE-NODE-154,几何,周长和面积,正方形周长的计算,正方形周长的计算,canonical,zh,Grade 3 semester 1,规范节点名，范围是依据正方形四边相等计算周长。
SYN-0283,HKG-NODE-NODE-NODE-154,几何,周长和面积,正方形周长的计算,正方形的周长计算,variant,zh,Grade 3 semester 1,与节点名同义，仅语序不同。
SYN-0284,HKG-NODE-NODE-NODE-154,几何,周长和面积,正方形周长的计算,计算正方形周长,variant,zh,Grade 3 semester 1,教学任务式表述，仍指向正方形周长求法。
SYN-0285,HKG-NODE-NODE-NODE-154,几何,周长和面积,正方形周长的计算,正方形周长计算,variant,zh,Grade 3 semester 1,省略“的”后的常见简称式表述。
SYN-0286,HKG-NODE-NODE-NODE-154,几何,周长和面积,正方形周长的计算,正方形的周长,textbook_phrase,zh,Grade 3 semester 1,该表述有时只指概念对象而非计算方法；若出现在求值或公式语境中可归入本节点，存在概念/运算范围歧义。
SYN-0287,HKG-NODE-NODE-NODE-154,几何,周长和面积,正方形周长的计算,周长＝边长×4,formula,symbolic,Grade 3 semester 1,对应正方形周长计算的典型公式化表述。
SYN-0288,HKG-NODE-NODE-NODE-154,几何,周长和面积,正方形周长的计算,4×边长,formula,symbolic,Grade 3 semester 1,正方形周长公式的简写形式。脱离图形语境时可能泛指“四倍边长”，需结合正方形语境。
SYN-0289,HKG-NODE-NODE-NODE-162,几何,周长和面积,正方形和长方形面积的计算,正方形和长方形面积的计算,canonical,zh,Grade 3 semester 2,规范节点名，覆盖两类图形面积求法的合并范围。
SYN-0290,HKG-NODE-NODE-NODE-162,几何,周长和面积,正方形和长方形面积的计算,正方形和长方形的面积计算,variant,zh,Grade 3 semester 2,与节点名同义。
SYN-0291,HKG-NODE-NODE-NODE-162,几何,周长和面积,正方形和长方形面积的计算,正方形与长方形面积计算,variant,zh,Grade 3 semester 2,并列对象的简化表述。
SYN-0292,HKG-NODE-NODE-NODE-162,几何,周长和面积,正方形和长方形面积的计算,长方形和正方形的面积计算,variant,zh,Grade 3 semester 2,交换并列顺序，不改变节点范围。
SYN-0293,HKG-NODE-NODE-NODE-162,几何,周长和面积,正方形和长方形面积的计算,长方形、正方形面积计算,variant,zh,Grade 3 semester 2,压缩式并列表达。
SYN-0294,HKG-NODE-NODE-NODE-162,几何,周长和面积,正方形和长方形面积的计算,长方形和正方形的面积,textbook_phrase,zh,Grade 3 semester 2,教材标题式表述常可指向本节点，但也可能包含面积概念建立、比较或应用，范围略宽。
SYN-0295,HKG-NODE-NODE-NODE-163,几何,周长和面积,用长×宽计算长方形的面积，并能用边长×边长计算正方形的面积,用长×宽计算长方形的面积，并能用边长×边长计算正方形的面积,canonical,zh,Grade 3 semester 2,规范节点名，明确了两种公式应用。
SYN-0296,HKG-NODE-NODE-NODE-163,几何,周长和面积,用长×宽计算长方形的面积，并能用边长×边长计算正方形的面积,长方形和正方形的面积计算,variant,zh,Grade 3 semester 2,常见概括说法，可指向本节点；但也可能与更宽的合并节点重合。
SYN-0299,HKG-NODE-NODE-NODE-163,几何,周长和面积,用长×宽计算长方形的面积，并能用边长×边长计算正方形的面积,长方形、正方形面积公式,variant,zh,Grade 3 semester 2,强调公式层面，与节点范围一致。
SYN-0300,HKG-NODE-NODE-NODE-163,几何,周长和面积,用长×宽计算长方形的面积，并能用边长×边长计算正方形的面积,长方形和正方形的面积公式应用,variant,zh,Grade 3 semester 2,突出公式应用，较贴近节点说明。
SYN-0301,HKG-NODE-NODE-NODE-163,几何,周长和面积,用长×宽计算长方形的面积，并能用边长×边长计算正方形的面积,长方形面积＝长×宽，正方形面积＝边长×边长,formula,symbolic,Grade 3 semester 2,将节点中的两条公式并列呈现。
SYN-0302,HKG-NODE-NODE-NODE-163,几何,周长和面积,用长×宽计算长方形的面积，并能用边长×边长计算正方形的面积,S长方形＝长×宽，S正方形＝边长×边长,notation,mixed,Grade 3 semester 2,含字母与汉字的公式记法。不同教材对面积记号S使用不一。
SYN-0303,HKG-NODE-NODE-100,几何,周长和面积,相邻常用面积单位之间的进率为100（平方厘米、平方分米、平方米）,相邻常用面积单位之间的进率为100（平方厘米、平方分米、平方米）,canonical,zh,Grade 3 semester 2,规范节点名，强调相邻常用面积单位进率。
SYN-0304,HKG-NODE-NODE-100,几何,周长和面积,相邻常用面积单位之间的进率为100（平方厘米、平方分米、平方米）,面积单位的进率,variant,zh,Grade 3 semester 2,常见概括说法，但范围可能过宽，也可能覆盖高阶段单位。
SYN-0305,HKG-NODE-NODE-100,几何,周长和面积,相邻常用面积单位之间的进率为100（平方厘米、平方分米、平方米）,相邻面积单位间的进率,variant,zh,Grade 3 semester 2,与节点核心一致，但未显式限定“常用”范围。
SYN-0306,HKG-NODE-NODE-100,几何,周长和面积,相邻常用面积单位之间的进率为100（平方厘米、平方分米、平方米）,常用面积单位之间的进率,variant,zh,Grade 3 semester 2,与节点范围较一致。
SYN-0308,HKG-NODE-NODE-100,几何,周长和面积,相邻常用面积单位之间的进率为100（平方厘米、平方分米、平方米）,1平方分米＝100平方厘米,formula,symbolic,Grade 3 semester 2,相邻常用面积单位进率的典型等式。
SYN-0309,HKG-NODE-NODE-100,几何,周长和面积,相邻常用面积单位之间的进率为100（平方厘米、平方分米、平方米）,1平方米＝100平方分米,formula,symbolic,Grade 3 semester 2,相邻常用面积单位进率的典型等式。
SYN-0310,HKG-NODE-NODE-100,几何,周长和面积,相邻常用面积单位之间的进率为100（平方厘米、平方分米、平方米）,相邻面积单位的进率是100,textbook_phrase,zh,Grade 3 semester 2,若上下文限定在平方厘米、平方分米、平方米，可归入本节点；否则可能泛化到更大范围。
SYN-0311,HKG-NODE-NODE-100-02,几何,周长和面积,相邻常用面积单位之间的进率为100，并能进行简单换算,相邻常用面积单位之间的进率为100，并能进行简单换算,canonical,zh,Grade 3 semester 2,规范节点名，包含进率认识与基础换算。
SYN-0312,HKG-NODE-NODE-100-02,几何,周长和面积,相邻常用面积单位之间的进率为100，并能进行简单换算,面积单位的进率,variant,zh,Grade 3 semester 2,仅覆盖本节点的一部分；常见但未体现“简单换算”要求。
SYN-0313,HKG-NODE-NODE-100-02,几何,周长和面积,相邻常用面积单位之间的进率为100，并能进行简单换算,面积单位间的进率,variant,zh,Grade 3 semester 2,与上条类似，可能仅指进率知识。
SYN-0314,HKG-NODE-NODE-100-02,几何,周长和面积,相邻常用面积单位之间的进率为100，并能进行简单换算,面积单位之间的换算,variant,zh,Grade 3 semester 2,突出本节点中的换算能力要求。
SYN-0315,HKG-NODE-NODE-100-02,几何,周长和面积,相邻常用面积单位之间的进率为100，并能进行简单换算,常用面积单位的换算,variant,zh,Grade 3 semester 2,较贴近节点范围，但“常用”具体单位集合仍需来源核验。
SYN-0316,HKG-NODE-NODE-100-02,几何,周长和面积,相邻常用面积单位之间的进率为100，并能进行简单换算,面积单位换算,variant,zh,Grade 3 semester 2,通用说法，常指本节点；但也可能指更高阶段更大单位换算。
SYN-0317,HKG-NODE-NODE-100-02,几何,周长和面积,相邻常用面积单位之间的进率为100，并能进行简单换算,1平方分米＝100平方厘米,formula,symbolic,Grade 3 semester 2,进率基础等式，可作为换算依据。单独看只体现进率，不足以完整表达换算技能。
SYN-0318,HKG-NODE-NODE-100-02,几何,周长和面积,相邻常用面积单位之间的进率为100，并能进行简单换算,把平方分米化成平方厘米,textbook_phrase,zh,Grade 3 semester 2,任务型表述，指向简单面积单位换算。
SYN-0319,HKG-NODE-NODE-NODE-166,几何,周长和面积,常用面积单位的认识与区分,常用面积单位的认识与区分,canonical,zh,Grade 3 semester 2,规范节点名，聚焦认识、名称区分与基础使用。
SYN-0320,HKG-NODE-NODE-NODE-166,几何,周长和面积,常用面积单位的认识与区分,常见的面积单位,variant,zh,Grade 3 semester 2,常见替代表述，重点在单位识别。
SYN-0322,HKG-NODE-NODE-NODE-166,几何,周长和面积,常用面积单位的认识与区分,面积的常用单位,variant,zh,Grade 3 semester 2,与节点范围基本一致。
SYN-0323,HKG-NODE-NODE-NODE-166,几何,周长和面积,常用面积单位的认识与区分,认识面积单位,textbook_phrase,zh,Grade 3 semester 2,标题式表述，通常对应单位认识，但未明确“常用”与“区分”。
SYN-0325,HKG-NODE-NODE-NODE-167,几何,周长和面积,认识并区分常用面积单位,认识并区分常用面积单位,canonical,zh,Grade 3 semester 2,规范节点名，与166几乎同域同义。
SYN-0326,HKG-NODE-NODE-NODE-167,几何,周长和面积,认识并区分常用面积单位,常见面积单位,variant,zh,Grade 3 semester 2,与节点指向较接近。
SYN-0328,HKG-NODE-NODE-NODE-167,几何,周长和面积,认识并区分常用面积单位,常用的面积计量单位,variant,zh,Grade 3 semester 2,强调“计量单位”属性，范围与节点一致。
SYN-0329,HKG-NODE-NODE-NODE-167,几何,周长和面积,认识并区分常用面积单位,常用面积单位的认识,textbook_phrase,zh,Grade 3 semester 2,与节点接近，但未充分表达“区分”。
SYN-0330,HKG-NODE-NODE-NODE-167,几何,周长和面积,认识并区分常用面积单位,认识常用面积单位,textbook_phrase,zh,Grade 3 semester 2,任务式表达，通常可指向本节点。
SYN-0331,HKG-NODE-NODE-NODE-172,几何,周长和面积,面积单位“公顷”的认识与使用,面积单位“公顷”的认识与使用,canonical,zh,Grade 4 semester 1,规范节点名，聚焦公顷这一较大面积单位。
SYN-0332,HKG-NODE-NODE-NODE-172,几何,周长和面积,面积单位“公顷”的认识与使用,公顷的认识,variant,zh,Grade 4 semester 1,节点给定同义表述。单独出现时可能未体现“使用”。
SYN-0333,HKG-NODE-NODE-NODE-172,几何,周长和面积,面积单位“公顷”的认识与使用,认识公顷,variant,zh,Grade 4 semester 1,任务式表达，常见于标题。
SYN-0334,HKG-NODE-NODE-NODE-172,几何,周长和面积,面积单位“公顷”的认识与使用,公顷的认识与使用,variant,zh,Grade 4 semester 1,与节点名接近，只省略“面积单位”。
SYN-0337,HKG-NODE-NODE-NODE-175,几何,周长和面积,公顷和平方千米的认识与单位换算,公顷和平方千米的认识与单位换算,canonical,zh,Grade 4 semester 1,规范节点名，覆盖两种大面积单位的认识与换算。
SYN-0338,HKG-NODE-NODE-NODE-175,几何,周长和面积,公顷和平方千米的认识与单位换算,公顷和平方千米的认识和转换,variant,zh,Grade 4 semester 1,来源给定同义表述，“转换”可视作“换算”。
SYN-0339,HKG-NODE-NODE-NODE-175,几何,周长和面积,公顷和平方千米的认识与单位换算,公顷与平方千米的认识与换算,variant,zh,Grade 4 semester 1,连接词变化，不改范围。
SYN-0340,HKG-NODE-NODE-NODE-175,几何,周长和面积,公顷和平方千米的认识与单位换算,面积单位公顷和平方千米,variant,zh,Grade 4 semester 1,更偏对象列举，未显式表达换算要求。
SYN-0341,HKG-NODE-NODE-NODE-175,几何,周长和面积,公顷和平方千米的认识与单位换算,公顷和平方千米,textbook_phrase,zh,Grade 4 semester 1,标题式简写，常可指向本节点，但也可能仅指单位认识。
SYN-0342,HKG-NODE-NODE-NODE-175,几何,周长和面积,公顷和平方千米的认识与单位换算,1平方千米＝100公顷,formula,symbolic,Grade 4 semester 1,两种大面积单位之间的核心换算关系。
SYN-0344,HKG-NODE-NODE-NODE-177,几何,角,按角的大小分类角,按角的大小分类角,canonical,zh,Grade 4 semester 1,规范节点名，聚焦依据大小给角分类。
SYN-0345,HKG-NODE-NODE-NODE-177,几何,角,按角的大小分类角,角的分类,variant,zh,Grade 4 semester 1,常见概括说法，但可能也包括按其他标准分类，范围略宽。
SYN-0346,HKG-NODE-NODE-NODE-177,几何,角,按角的大小分类角,根据角的大小分类,variant,zh,Grade 4 semester 1,与节点含义一致。
SYN-0347,HKG-NODE-NODE-NODE-177,几何,角,按角的大小分类角,角按大小分类,variant,zh,Grade 4 semester 1,简洁表述，与节点一致。
SYN-0348,HKG-NODE-NODE-NODE-177,几何,角,按角的大小分类角,角的大小分类,variant,zh,Grade 4 semester 1,省略介词后的常见表述。
SYN-0349,HKG-NODE-NODE-NODE-177,几何,角,按角的大小分类角,锐角、直角和钝角,textbook_phrase,zh,Grade 4 semester 1,若教材用列举类别来表示按大小分类，则可指向本节点；但类别集合是否完整需核验。
SYN-0350,HKG-NODE-NODE-NODE-179,几何,角,按角的大小分类角（如锐角、钝角）,按角的大小分类角（如锐角、钝角）,canonical,zh,Grade 4 semester 1,节点规范名称；表示依据角的大小对角进行类别判断的总节点。
SYN-0351,HKG-NODE-NODE-NODE-179,几何,角,按角的大小分类角（如锐角、钝角）,角的分类,variant,zh,Grade 4 semester 1,常见简称；但“角的分类”也可能按是否直角、按位置关系等口径分类，存在范围偏宽的歧义，此处限定为按大小分类。
SYN-0352,HKG-NODE-NODE-NODE-179,几何,角,按角的大小分类角（如锐角、钝角）,按角的大小分类,variant,zh,Grade 4 semester 1,与节点范围一致，强调分类依据是角的大小。
SYN-0353,HKG-NODE-NODE-NODE-179,几何,角,按角的大小分类角（如锐角、钝角）,角的大小分类,variant,zh,Grade 4 semester 1,与“按角的大小分类角”同义的省略说法。
SYN-0354,HKG-NODE-NODE-NODE-179,几何,角,按角的大小分类角（如锐角、钝角）,根据角的大小分类,variant,zh,Grade 4 semester 1,教学与题目中可能出现的改写形式；节点仍是总括分类活动，不指向某一个具体角类。
SYN-0355,HKG-NODE-NODE-NODE-179,几何,角,按角的大小分类角（如锐角、钝角）,角按大小分类,variant,zh,Grade 4 semester 1,语序变体，意义不变。
SYN-0356,HKG-NODE-NODE-NODE-183,几何,图形的位置关系,梯形的识别与初步认识,梯形的识别与初步认识,canonical,zh,Grade 4 semester 1,节点规范名称；范围限于识别梯形并进行初步认识。
SYN-0357,HKG-NODE-NODE-NODE-183,几何,图形的位置关系,梯形的识别与初步认识,认识梯形,variant,zh,Grade 4 semester 1,与节点范围一致的常见教学标题式表达。
SYN-0358,HKG-NODE-NODE-NODE-183,几何,图形的位置关系,梯形的识别与初步认识,梯形,variant,zh,Grade 4 semester 1,单词式标题常见，但也可能泛指关于梯形的一切内容；此处仅限识别与初步认识。
SYN-0359,HKG-NODE-NODE-NODE-183,几何,图形的位置关系,梯形的识别与初步认识,识别梯形,variant,zh,Grade 4 semester 1,突出图形辨认任务，与节点作用域一致。
SYN-0360,HKG-NODE-NODE-NODE-183,几何,图形的位置关系,梯形的识别与初步认识,初步认识梯形,variant,zh,Grade 4 semester 1,与节点名称近义，强调入门层面。
SYN-0361,HKG-NODE-NODE-NODE-188,几何,图形的位置关系,四边形的识别与按边数分类,四边形的识别与按边数分类,canonical,zh,Grade 4 semester 1,节点规范名称；重点是识别四条边围成的平面图形并按边数归类。
SYN-0362,HKG-NODE-NODE-NODE-188,几何,图形的位置关系,四边形的识别与按边数分类,四边形,variant,zh,Grade 4 semester 1,可作单元或小节标题；但也可能泛指四边形的性质、分类体系等更宽内容，此处限定为识别与按边数分类。
SYN-0363,HKG-NODE-NODE-NODE-188,几何,图形的位置关系,四边形的识别与按边数分类,四边形识别,variant,zh,Grade 4 semester 1,直接对应图形辨认任务。
SYN-0364,HKG-NODE-NODE-NODE-188,几何,图形的位置关系,四边形的识别与按边数分类,按边数识别四边形,variant,zh,Grade 4 semester 1,强调以边数为分类依据识别四边形，与节点范围一致。
SYN-0365,HKG-NODE-NODE-NODE-188,几何,图形的位置关系,四边形的识别与按边数分类,认识四边形,variant,zh,Grade 4 semester 1,常见教材表述；但范围略宽，可能含简单特征认识。
SYN-0366,HKG-NODE-NODE-NODE-191,几何,基本图形的认识,在平面图形中识别平行线关系,在平面图形中识别平行线关系,canonical,zh,Grade 4 semester 1,节点规范名称；表示在平面图形中直观识别两条直线平行关系。
SYN-0367,HKG-NODE-NODE-NODE-191,几何,基本图形的认识,在平面图形中识别平行线关系,平行,variant,zh,Grade 4 semester 1,高频简称；但“平行”可能也用于平移方向、立体位置关系或平行四边形中的边关系，此处限定为平面内两条直线的平行关系。
SYN-0368,HKG-NODE-NODE-NODE-191,几何,基本图形的认识,在平面图形中识别平行线关系,平行线,variant,zh,Grade 4 semester 1,常见对象名词；可指概念本身或识别任务，此处收为同节点表面形式。
SYN-0369,HKG-NODE-NODE-NODE-191,几何,基本图形的认识,在平面图形中识别平行线关系,两条直线互相平行,textbook_phrase,zh,Grade 4 semester 1,描述平行关系的常见陈述句式，和节点范围一致。
SYN-0370,HKG-NODE-NODE-NODE-191,几何,基本图形的认识,在平面图形中识别平行线关系,互相平行,variant,zh,Grade 4 semester 1,关系谓词形式，常见于图形位置关系判断题。
SYN-0371,HKG-NODE-NODE-NODE-191,几何,基本图形的认识,在平面图形中识别平行线关系,平行线关系,variant,zh,Grade 4 semester 1,更明确地指向关系识别，而非单独对象名词。
SYN-0372,HKG-NODE-NODE-NODE-191,几何,基本图形的认识,在平面图形中识别平行线关系,∥,notation,symbolic,Grade 4 semester 1,平行关系常用符号；通常与字母命名直线一起出现，如a∥b。单独符号依赖上下文。
SYN-0373,HKG-NODE-NODE-NODE-192,几何,基本图形的认识,在平面图形中识别垂直关系,在平面图形中识别垂直关系,canonical,zh,Grade 4 semester 1,节点规范名称；表示在平面图形中直观识别两条直线垂直关系。
SYN-0374,HKG-NODE-NODE-NODE-192,几何,基本图形的认识,在平面图形中识别垂直关系,垂直,variant,zh,Grade 4 semester 1,高频简称；但也可能指垂线段、垂直于某平面等更宽范围，此处限定为平面内两条直线相互垂直。
SYN-0375,HKG-NODE-NODE-NODE-192,几何,基本图形的认识,在平面图形中识别垂直关系,互相垂直,variant,zh,Grade 4 semester 1,关系谓词形式，直接对应位置关系判断。
SYN-0377,HKG-NODE-NODE-NODE-192,几何,基本图形的认识,在平面图形中识别垂直关系,垂直关系,variant,zh,Grade 4 semester 1,明确强调关系识别。
SYN-0378,HKG-NODE-NODE-NODE-192,几何,基本图形的认识,在平面图形中识别垂直关系,⊥,notation,symbolic,Grade 4 semester 1,垂直关系常用符号；通常与字母命名直线或线段一起出现，如a⊥b。
SYN-0379,HKG-NODE-NODE-180,几何,基本图形的认识,三角形内角和是180°,三角形内角和是180°,canonical,mixed,Grade 4 semester 2,节点规范名称；表述为任意三角形三个内角的和为180°。
SYN-0380,HKG-NODE-NODE-180,几何,基本图形的认识,三角形内角和是180°,三角形的内角和,variant,zh,Grade 4 semester 2,常见章节或题目表述；在教学语境中通常指向其结论为180°，但字面上也可仅指主题名。
SYN-0381,HKG-NODE-NODE-180,几何,基本图形的认识,三角形内角和是180°,三角形内角和为180度,variant,zh,Grade 4 semester 2,与规范名称同义，仅“是/为”用词不同。
SYN-0382,HKG-NODE-NODE-180,几何,基本图形的认识,三角形内角和是180°,三角形的内角和是180度,variant,zh,Grade 4 semester 2,完整陈述句式，同义。
SYN-0383,HKG-NODE-NODE-180,几何,基本图形的认识,三角形内角和是180°,三角形内角和是180度,variant,zh,Grade 4 semester 2,与规范名称仅记号形式不同，180°与180度等值。
SYN-0384,HKG-NODE-NODE-180,几何,基本图形的认识,三角形内角和是180°,三角形内角和=180°,formula,symbolic,Grade 4 semester 2,公式化写法，常见于板书、笔记或题目条件概括。
SYN-0385,HKG-NODE-NODE-180-02,几何,基本图形的认识,三角形的内角和是180°,三角形的内角和是180°,canonical,mixed,Grade 4 semester 2,节点规范名称；与同批另一节点范围高度接近，均指三角形内角和结论。
SYN-0386,HKG-NODE-NODE-180-02,几何,基本图形的认识,三角形的内角和是180°,三角形内角和,variant,zh,Grade 4 semester 2,常见简称；字面上可能仅指主题，实际使用中常指向“是180°”的结论。
SYN-0387,HKG-NODE-NODE-180-02,几何,基本图形的认识,三角形的内角和是180°,三角形的内角和为180度,variant,zh,Grade 4 semester 2,与规范名称同义，仅“是/为”和“°/度”差异。
SYN-0388,HKG-NODE-NODE-180-02,几何,基本图形的认识,三角形的内角和是180°,三角形内角和为180°,formula,mixed,Grade 4 semester 2,压缩型结论表达。
SYN-0389,HKG-NODE-NODE-NODE-211,几何,图形的位置关系,识别轴对称现象与轴对称图形，并进行简单应用,识别轴对称现象与轴对称图形，并进行简单应用,canonical,zh,Grade 4 semester 2,节点规范名称；范围含轴对称现象、轴对称图形的识别及简单应用。
SYN-0390,HKG-NODE-NODE-NODE-211,几何,图形的位置关系,识别轴对称现象与轴对称图形，并进行简单应用,轴对称的判断与利用,variant,zh,Grade 4 semester 2,与节点范围基本一致，强调判断与应用。
SYN-0391,HKG-NODE-NODE-NODE-211,几何,图形的位置关系,识别轴对称现象与轴对称图形，并进行简单应用,判断和利用轴对称,variant,zh,Grade 4 semester 2,语序变化，不改变范围。
SYN-0392,HKG-NODE-NODE-NODE-211,几何,图形的位置关系,识别轴对称现象与轴对称图形，并进行简单应用,轴对称图形的识别与应用,variant,zh,Grade 4 semester 2,更聚焦于轴对称图形，但与节点仍高度一致；未必覆盖全部“轴对称现象”。
SYN-0393,HKG-NODE-NODE-NODE-211,几何,图形的位置关系,识别轴对称现象与轴对称图形，并进行简单应用,轴对称,variant,zh,Grade 4 semester 2,常见单词式标题；但也可能指更深内容，如对称轴条数、作图、变换定义等，此处只限识别与简单应用。
SYN-0394,HKG-NODE-NODE-NODE-211,几何,图形的位置关系,识别轴对称现象与轴对称图形，并进行简单应用,轴对称图形,variant,zh,Grade 4 semester 2,对象名词；在本节点中常作为识别对象，但也可能对应更细节点如判断对称轴条数。
SYN-0395,HKG-NODE-NODE-NODE-212,几何,图形的位置关系,识别平移现象，并进行简单应用,识别平移现象，并进行简单应用,canonical,zh,Grade 4 semester 2,节点规范名称；范围是识别平移现象及简单应用。
SYN-0396,HKG-NODE-NODE-NODE-212,几何,图形的位置关系,识别平移现象，并进行简单应用,平移的判断与利用,variant,zh,Grade 4 semester 2,与节点范围一致，强调判断与应用。
SYN-0397,HKG-NODE-NODE-NODE-212,几何,图形的位置关系,识别平移现象，并进行简单应用,判断和利用平移,variant,zh,Grade 4 semester 2,语序变体，同义。
SYN-0398,HKG-NODE-NODE-NODE-212,几何,图形的位置关系,识别平移现象，并进行简单应用,平移现象的识别与应用,variant,zh,Grade 4 semester 2,与节点几乎同义。
SYN-0399,HKG-NODE-NODE-NODE-212,几何,图形的位置关系,识别平移现象，并进行简单应用,平移,variant,zh,Grade 4 semester 2,常见单词式标题；但可能泛指几何变换概念、方格纸作图或更系统的变换性质，此处只限识别与简单应用。
SYN-0400,HKG-NODE-NODE-NODE-212,几何,图形的位置关系,识别平移现象，并进行简单应用,平移现象,variant,zh,Grade 4 semester 2,较明确指向生活或图形中的平移识别。
SYN-0401,HKG-NODE-NODE-NODE-222,几何,周长和面积,平行四边形面积的计算,平行四边形面积的计算,canonical,zh,Grade 5 semester 1,节点规范名称；指求平行四边形面积的规则与应用。
SYN-0402,HKG-NODE-NODE-NODE-222,几何,周长和面积,平行四边形面积的计算,平行四边形的面积,variant,zh,Grade 5 semester 1,常见章节或题型表述；通常默认包含面积计算。
SYN-0403,HKG-NODE-NODE-NODE-222,几何,周长和面积,平行四边形面积的计算,平行四边形面积,variant,zh,Grade 5 semester 1,简略说法，通常指面积公式和计算。
SYN-0404,HKG-NODE-NODE-NODE-222,几何,周长和面积,平行四边形面积的计算,求平行四边形面积,variant,zh,Grade 5 semester 1,任务型表达，直接对应计算应用。
SYN-0405,HKG-NODE-NODE-NODE-222,几何,周长和面积,平行四边形面积的计算,平行四边形的面积计算,variant,zh,Grade 5 semester 1,语序变体，同义。
SYN-0406,HKG-NODE-NODE-NODE-222,几何,周长和面积,平行四边形面积的计算,S=底×高,formula,symbolic,Grade 5 semester 1,平行四边形面积公式的常见写法；但字母S及“底、高”也可能用于其他图形面积公式，需在平行四边形语境下使用。
SYN-0407,HKG-NODE-NODE-NODE-222,几何,周长和面积,平行四边形面积的计算,平行四边形面积=底×高,formula,mixed,Grade 5 semester 1,明确绑定到平行四边形面积计算公式。
SYN-0408,HKG-NODE-NODE-NODE-223,几何,周长和面积,三角形面积的计算,三角形面积的计算,canonical,zh,Grade 5 semester 1,规范节点名，范围是三角形面积的求法与应用。
SYN-0409,HKG-NODE-NODE-NODE-223,几何,周长和面积,三角形面积的计算,三角形的面积,variant,zh,Grade 5 semester 1,常见说法；有时也可仅指面积这一量，需结合题目语境确认是“求面积”而非单纯识别概念。
SYN-0410,HKG-NODE-NODE-NODE-223,几何,周长和面积,三角形面积的计算,三角形面积,variant,zh,Grade 5 semester 1,简略表述，通常指向三角形面积计算；也可能在目录中作主题词使用。
SYN-0411,HKG-NODE-NODE-NODE-223,几何,周长和面积,三角形面积的计算,求三角形面积,variant,zh,Grade 5 semester 1,操作性表述，和本节点范围一致。
SYN-0412,HKG-NODE-NODE-NODE-223,几何,周长和面积,三角形面积的计算,三角形面积公式,variant,zh,Grade 5 semester 1,通常指向本节点核心规则，但有时会把“公式记忆”与“计算应用”混用。
SYN-0413,HKG-NODE-NODE-NODE-223,几何,周长和面积,三角形面积的计算,三角形的面积=底×高÷2,formula,mixed,Grade 5 semester 1,标准公式表达，直接服务于本节点计算范围。
SYN-0414,HKG-NODE-NODE-NODE-223,几何,周长和面积,三角形面积的计算,S=ah÷2,formula,symbolic,Grade 5 semester 1,符号化公式，可指三角形面积；其中字母含义依教材可能不同。
SYN-0415,HKG-NODE-NODE-NODE-232,几何,基本图形的认识,计算长方体和正方体的体积,V=lwh,formula,symbolic,Grade 5 semester 2,长方体体积的符号表达。
SYN-0416,HKG-NODE-NODE-NODE-238,几何,基本图形的认识,长方体和正方体的认识与表面积、体积计算（待拆分复合节点）,长方体和正方体的认识与表面积、体积计算（待拆分复合节点）,canonical,zh,Grade 5 semester 2,规范节点名；这是复合范围审计记录，不是理想的最小教学节点。
SYN-0417,HKG-NODE-NODE-NODE-238,几何,基本图形的认识,长方体和正方体的认识与表面积、体积计算（待拆分复合节点）,长方体和正方体的认识以及表面积体积计算,variant,zh,Grade 5 semester 2,来源给出的近似同义表述，覆盖图形认识、表面积、体积多个范围。
SYN-0418,HKG-NODE-NODE-NODE-238,几何,基本图形的认识,长方体和正方体的认识与表面积、体积计算（待拆分复合节点）,长方体和正方体的认识与表面积体积计算,variant,zh,Grade 5 semester 2,去掉顿号后的常见写法，仍为复合表述。
SYN-0420,HKG-NODE-NODE-NODE-240,几何,基本图形的认识,理解半径的含义：连接圆心与圆上任意一点的线段,理解半径的含义：连接圆心与圆上任意一点的线段,canonical,zh,Grade 6 semester 1,规范节点名，聚焦半径的定义性理解与识别。
SYN-0421,HKG-NODE-NODE-NODE-240,几何,基本图形的认识,理解半径的含义：连接圆心与圆上任意一点的线段,半径的认识,variant,zh,Grade 6 semester 1,常见教学表述，与本节点范围一致。
SYN-0422,HKG-NODE-NODE-NODE-240,几何,基本图形的认识,理解半径的含义：连接圆心与圆上任意一点的线段,圆的半径,variant,zh,Grade 6 semester 1,常见短语，通常指圆中的半径概念；也可能在计算语境中指半径这一已知量。
SYN-0423,HKG-NODE-NODE-NODE-240,几何,基本图形的认识,理解半径的含义：连接圆心与圆上任意一点的线段,半径,variant,zh,Grade 6 semester 1,最常见简称，但也可能在周长、面积公式中指变量，不总是仅限定义性认识。
SYN-0424,HKG-NODE-NODE-NODE-240,几何,基本图形的认识,理解半径的含义：连接圆心与圆上任意一点的线段,连接圆心和圆上任意一点的线段,textbook_phrase,zh,Grade 6 semester 1,定义性释义，和本节点范围一致。
SYN-0425,HKG-NODE-NODE-NODE-241,几何,基本图形的认识,理解直径的含义：经过圆心并连接圆上两点的线段,理解直径的含义：经过圆心并连接圆上两点的线段,canonical,zh,Grade 6 semester 1,规范节点名，聚焦直径的定义性理解与识别。
SYN-0426,HKG-NODE-NODE-NODE-241,几何,基本图形的认识,理解直径的含义：经过圆心并连接圆上两点的线段,直径的认识,variant,zh,Grade 6 semester 1,常见教学表述，与本节点范围一致。
SYN-0427,HKG-NODE-NODE-NODE-241,几何,基本图形的认识,理解直径的含义：经过圆心并连接圆上两点的线段,圆的直径,variant,zh,Grade 6 semester 1,常见短语，通常指圆中的直径概念；也可能在计算语境中指直径这一已知量。
SYN-0428,HKG-NODE-NODE-NODE-241,几何,基本图形的认识,理解直径的含义：经过圆心并连接圆上两点的线段,直径,variant,zh,Grade 6 semester 1,最常见简称，但也可能在周长公式中指变量，不总是仅限定义性认识。
SYN-0429,HKG-NODE-NODE-NODE-241,几何,基本图形的认识,理解直径的含义：经过圆心并连接圆上两点的线段,经过圆心并连接圆上两点的线段,textbook_phrase,zh,Grade 6 semester 1,定义性释义，和本节点范围一致。
SYN-0430,HKG-NODE-NODE-NODE-250,几何,周长和面积,计算圆的周长,计算圆的周长,canonical,zh,Grade 6 semester 1,规范节点名，聚焦圆周长的求法与简单问题。
SYN-0431,HKG-NODE-NODE-NODE-250,几何,周长和面积,计算圆的周长,圆的周长,variant,zh,Grade 6 semester 1,常见主题名；有时仅指量的名称，也常用于表示圆周长计算单元。
SYN-0432,HKG-NODE-NODE-NODE-250,几何,周长和面积,计算圆的周长,圆周长计算,variant,zh,Grade 6 semester 1,直接指向本节点计算范围。
SYN-0433,HKG-NODE-NODE-NODE-250,几何,周长和面积,计算圆的周长,求圆的周长,variant,zh,Grade 6 semester 1,操作性表述，与本节点范围一致。
SYN-0434,HKG-NODE-NODE-NODE-250,几何,周长和面积,计算圆的周长,圆的周长公式,variant,zh,Grade 6 semester 1,通常指向本节点，但有时偏重公式记忆而非应用。
SYN-0435,HKG-NODE-NODE-NODE-250,几何,周长和面积,计算圆的周长,C=2πr,formula,symbolic,Grade 6 semester 1,圆周长常用公式。
SYN-0436,HKG-NODE-NODE-NODE-250,几何,周长和面积,计算圆的周长,C=πd,formula,symbolic,Grade 6 semester 1,圆周长常用公式，适用于已知直径。
SYN-0437,HKG-NODE-NODE-NODE-251,几何,周长和面积,计算圆的面积,计算圆的面积,canonical,zh,Grade 6 semester 1,规范节点名，聚焦圆面积的求法与简单问题。
SYN-0438,HKG-NODE-NODE-NODE-251,几何,周长和面积,计算圆的面积,圆的面积,variant,zh,Grade 6 semester 1,常见主题名；有时既指面积这个量，也指圆面积计算内容。
SYN-0439,HKG-NODE-NODE-NODE-251,几何,周长和面积,计算圆的面积,圆面积计算,variant,zh,Grade 6 semester 1,直接指向本节点计算范围。
SYN-0440,HKG-NODE-NODE-NODE-251,几何,周长和面积,计算圆的面积,求圆的面积,variant,zh,Grade 6 semester 1,操作性表述，与本节点范围一致。
SYN-0441,HKG-NODE-NODE-NODE-251,几何,周长和面积,计算圆的面积,圆的面积公式,variant,zh,Grade 6 semester 1,通常指向本节点，但有时偏重公式记忆而非应用。
SYN-0442,HKG-NODE-NODE-NODE-251,几何,周长和面积,计算圆的面积,S=πr²,formula,symbolic,Grade 6 semester 1,圆面积常用公式。
SYN-0443,HKG-NODE-NODE-NODE-258,几何,周长和面积,圆环的面积,圆环的面积,canonical,zh,Grade 6 semester 1,规范节点名，可表示圆环面积这一主题或结果量。
SYN-0444,HKG-NODE-NODE-NODE-258,几何,周长和面积,圆环的面积,环形面积,variant,zh,Grade 6 semester 1,常见别称；与“圆环面积”通常同指，但“环形”在少数语境可泛指非圆环状区域。
SYN-0445,HKG-NODE-NODE-NODE-258,几何,周长和面积,圆环的面积,圆环面积,variant,zh,Grade 6 semester 1,常见简写，与本节点范围基本一致。
SYN-0446,HKG-NODE-NODE-NODE-258,几何,周长和面积,圆环的面积,外圆面积减内圆面积,textbook_phrase,zh,Grade 6 semester 1,常见求法描述，能指向本节点；但来源摘要未确认教材是否把该表达作为固定术语。
SYN-0447,HKG-NODE-NODE-NODE-258,几何,周长和面积,圆环的面积,S环=S大圆-S小圆,formula,symbolic,Grade 6 semester 1,圆环面积的符号化表达。
SYN-0448,HKG-NODE-NODE-NODE-259,几何,周长和面积,圆环的面积计算,圆环的面积计算,canonical,zh,Grade 6 semester 1,规范节点名，强调圆环面积的求法与应用。
SYN-0449,HKG-NODE-NODE-NODE-259,几何,周长和面积,圆环的面积计算,环形面积,variant,zh,Grade 6 semester 1,常见别称；与节点258共享该表面形式，存在“主题/结果量”与“计算操作”粒度歧义。
SYN-0450,HKG-NODE-NODE-NODE-259,几何,周长和面积,圆环的面积计算,圆环面积,variant,zh,Grade 6 semester 1,常见简写；与节点258存在范围重叠，常需靠上下文判定是否强调计算。
SYN-0452,HKG-NODE-NODE-NODE-259,几何,周长和面积,圆环的面积计算,求圆环的面积,variant,zh,Grade 6 semester 1,操作性表述，更明确指向计算过程。
SYN-0453,HKG-NODE-NODE-NODE-259,几何,周长和面积,圆环的面积计算,外圆面积减内圆面积,textbook_phrase,zh,Grade 6 semester 1,圆环面积计算的常见方法描述，较贴合本节点“计算”范围。
SYN-0454,HKG-NODE-NODE-NODE-259,几何,周长和面积,圆环的面积计算,S环=S大圆-S小圆,formula,symbolic,Grade 6 semester 1,圆环面积计算的符号化表达。
SYN-0455,HKG-NODE-NODE-NODE-260,几何,周长和面积,认识扇形及其基本构成,认识扇形及其基本构成,canonical,zh,Grade 6 semester 1,规范节点名，聚焦扇形的辨认与组成理解。
SYN-0456,HKG-NODE-NODE-NODE-260,几何,周长和面积,认识扇形及其基本构成,扇形的认识,variant,zh,Grade 6 semester 1,常见教学表述，与本节点范围一致。
SYN-0457,HKG-NODE-NODE-NODE-260,几何,周长和面积,认识扇形及其基本构成,认识扇形,variant,zh,Grade 6 semester 1,操作性表述，与本节点范围一致。
SYN-0458,HKG-NODE-NODE-NODE-260,几何,周长和面积,认识扇形及其基本构成,扇形概念,variant,zh,Grade 6 semester 1,常见概括说法，偏向概念理解。
SYN-0459,HKG-NODE-NODE-NODE-260,几何,周长和面积,认识扇形及其基本构成,扇形,variant,zh,Grade 6 semester 1,最常见简称，但也可能指向后续的扇形面积或综合应用内容。
SYN-0460,HKG-NODE-NODE-NODE-260,几何,周长和面积,认识扇形及其基本构成,由圆心角及其所对弧围成的图形,textbook_phrase,zh,Grade 6 semester 1,定义性释义，和本节点的认识范围相符。
SYN-0461,HKG-NODE-NODE-NODE-265,几何,周长和面积,扇形面积的计算,扇形面积的计算,canonical,zh,Grade 6 semester 1,节点的规范名称，范围限于在圆面积基础上求扇形面积的基本方法与简单应用。
SYN-0462,HKG-NODE-NODE-NODE-265,几何,周长和面积,扇形面积的计算,扇形的面积,variant,zh,Grade 6 semester 1,常见简化说法；在练习标题中既可能指概念认识，也可能指计算，当前按本节点处理为计算对象时需结合上下文判定。
SYN-0463,HKG-NODE-NODE-NODE-265,几何,周长和面积,扇形面积的计算,求扇形面积,variant,zh,Grade 6 semester 1,直接指向计算任务，与本节点范围一致。
SYN-0464,HKG-NODE-NODE-NODE-265,几何,周长和面积,扇形面积的计算,扇形面积,variant,zh,Grade 6 semester 1,高频表层词；有时也可指概念本身，不一定明确强调计算，存在轻微范围歧义。
SYN-0465,HKG-NODE-NODE-NODE-269,几何,基本图形的认识,识别圆柱和圆锥并进行基本区分,识别圆柱和圆锥并进行基本区分,canonical,zh,Grade 6 semester 2,节点规范名称，范围限于对两类立体图形的辨认与区分。
SYN-0466,HKG-NODE-NODE-NODE-269,几何,基本图形的认识,识别圆柱和圆锥并进行基本区分,圆柱与圆锥的认识,textbook_phrase,zh,Grade 6 semester 2,来源摘要可审计的标题型表述；可能兼含两种图形各自特征认识与彼此区分。
SYN-0467,HKG-NODE-NODE-NODE-269,几何,基本图形的认识,识别圆柱和圆锥并进行基本区分,认识圆柱和圆锥,variant,zh,Grade 6 semester 2,常见教学表述，范围与节点一致。
SYN-0468,HKG-NODE-NODE-NODE-269,几何,基本图形的认识,识别圆柱和圆锥并进行基本区分,辨认圆柱与圆锥,variant,zh,Grade 6 semester 2,偏向识别任务，适合本节点。
SYN-0469,HKG-NODE-NODE-NODE-269,几何,基本图形的认识,识别圆柱和圆锥并进行基本区分,区分圆柱和圆锥,variant,zh,Grade 6 semester 2,强调两类立体图形的差异辨认，属于本节点范围。
SYN-0470,HKG-NODE-NODE-NODE-273,几何,基本图形的认识,认识圆柱的基本特征,认识圆柱的基本特征,canonical,zh,Grade 6 semester 2,节点规范名称，强调圆柱外形组成与直观特征识别。
SYN-0471,HKG-NODE-NODE-NODE-273,几何,基本图形的认识,认识圆柱的基本特征,圆柱的认识,textbook_phrase,zh,Grade 6 semester 2,来源中可审计的标题型表述；有时范围可能较宽，包含名称、特征和实例识别。
SYN-0472,HKG-NODE-NODE-NODE-273,几何,基本图形的认识,认识圆柱的基本特征,圆柱的特征,variant,zh,Grade 6 semester 2,直接对应本节点的特征识别范围。
SYN-0473,HKG-NODE-NODE-NODE-273,几何,基本图形的认识,认识圆柱的基本特征,圆柱图形特征识别,variant,zh,Grade 6 semester 2,任务导向说法，适合用于题目标签。
SYN-0474,HKG-NODE-NODE-NODE-273,几何,基本图形的认识,认识圆柱的基本特征,认识圆柱,variant,zh,Grade 6 semester 2,较常见简写；可能过宽，既可指名称辨认，也可指特征学习。
SYN-0475,HKG-NODE-NODE-NODE-279,几何,立体图形的测量,圆柱体积的计算,圆柱体积的计算,canonical,zh,Grade 6 semester 2,节点规范名称，范围为根据底面积与高计算圆柱体积。
SYN-0476,HKG-NODE-NODE-NODE-279,几何,立体图形的测量,圆柱体积的计算,圆柱的体积计算,variant,zh,Grade 6 semester 2,与规范名称同义。
SYN-0477,HKG-NODE-NODE-NODE-279,几何,立体图形的测量,圆柱体积的计算,求圆柱体积,variant,zh,Grade 6 semester 2,直接指向计算任务。
SYN-0478,HKG-NODE-NODE-NODE-279,几何,立体图形的测量,圆柱体积的计算,圆柱体积,variant,zh,Grade 6 semester 2,高频简写；有时既可指概念也可指计算，需结合上下文判定。
SYN-0479,HKG-NODE-NODE-NODE-279,几何,立体图形的测量,圆柱体积的计算,V=Sh,formula,symbolic,Grade 6 semester 2,圆柱体积的常用公式表达，其中S通常表示底面积；但该式也可用于一般柱体体积。
SYN-0480,HKG-NODE-NODE-NODE-279,几何,立体图形的测量,圆柱体积的计算,V=πr²h,formula,symbolic,Grade 6 semester 2,圆柱体积的常见具体公式表达，适用于底面半径为r、高为h的情形。
SYN-0481,HKG-NODE-NODE-NODE-280,几何,立体图形的测量,圆锥体积的计算,圆锥体积的计算,canonical,zh,Grade 6 semester 2,节点规范名称，范围限于圆锥体积公式及其基础应用。
SYN-0482,HKG-NODE-NODE-NODE-280,几何,立体图形的测量,圆锥体积的计算,圆锥的体积计算,variant,zh,Grade 6 semester 2,与规范名称同义。
SYN-0483,HKG-NODE-NODE-NODE-280,几何,立体图形的测量,圆锥体积的计算,求圆锥体积,variant,zh,Grade 6 semester 2,直接指向本节点的求值任务。
SYN-0484,HKG-NODE-NODE-NODE-280,几何,立体图形的测量,圆锥体积的计算,圆锥体积,variant,zh,Grade 6 semester 2,高频简写；可能也用来泛指概念或公式本身。
SYN-0485,HKG-NODE-NODE-NODE-280,几何,立体图形的测量,圆锥体积的计算,V=1/3Sh,formula,symbolic,Grade 6 semester 2,圆锥体积的常用公式表达，其中S通常表示底面积。
SYN-0486,HKG-NODE-NODE-NODE-280,几何,立体图形的测量,圆锥体积的计算,V=1/3πr²h,formula,symbolic,Grade 6 semester 2,圆锥体积的常见具体公式表达，适用于底面半径为r、高为h的情形。
SYN-0487,HKG-NODE-NODE-NODE-284,几何,基本图形的认识,区分直线、射线与线段的基本特征,区分直线、射线与线段的基本特征,canonical,zh,Grade 7 semester 1,节点规范名称，重点是辨认与区分三类基本图形。
SYN-0488,HKG-NODE-NODE-NODE-284,几何,基本图形的认识,区分直线、射线与线段的基本特征,直线、射线与线段的区别,variant,zh,Grade 7 semester 1,强调差异比较，落在本节点范围内。
SYN-0489,HKG-NODE-NODE-NODE-284,几何,基本图形的认识,区分直线、射线与线段的基本特征,辨别直线、射线和线段,variant,zh,Grade 7 semester 1,偏向识别任务，适合本节点。
SYN-0490,HKG-NODE-NODE-NODE-284,几何,基本图形的认识,区分直线、射线与线段的基本特征,直线射线线段的基本特征比较,variant,zh,Grade 7 semester 1,较完整地对应节点范围。
SYN-0491,HKG-NODE-NODE-NODE-284,几何,基本图形的认识,区分直线、射线与线段的基本特征,直线、射线、线段的区别,variant,zh,Grade 7 semester 1,仅为连接词变体，语义不变。
SYN-0492,HKG-NODE-NODE-NODE-288,几何,基本图形的认识,比较直线、射线、线段的区别与联系,比较直线、射线、线段的区别与联系,canonical,zh,Grade 7 semester 1,节点规范名称，作为组合型对比知识点使用。
SYN-0493,HKG-NODE-NODE-NODE-288,几何,基本图形的认识,比较直线、射线、线段的区别与联系,直线、射线与线段的区别与联系,variant,zh,Grade 7 semester 1,直接对应节点范围，既包含差异也包含联系。
SYN-0494,HKG-NODE-NODE-NODE-288,几何,基本图形的认识,比较直线、射线、线段的区别与联系,直线射线线段的比较,variant,zh,Grade 7 semester 1,较宽泛，可覆盖区别与联系两方面，但信息较压缩。
SYN-0495,HKG-NODE-NODE-NODE-288,几何,基本图形的认识,比较直线、射线、线段的区别与联系,直线、射线、线段的异同,variant,zh,Grade 7 semester 1,常见压缩表达，基本等同于“区别与联系”。
SYN-0496,HKG-NODE-NODE-NODE-288,几何,基本图形的认识,比较直线、射线、线段的区别与联系,直线、射线、线段的区别和联系,variant,zh,Grade 7 semester 1,连接词变体，语义不变。
SYN-0497,HKG-NODE-NODE-NODE-289,几何,基本图形的认识,利用互余与互补关系进行角度计算,利用互余与互补关系进行角度计算,canonical,zh,Grade 7 semester 1,节点规范名称，强调根据两角和为90°或180°进行求值。
SYN-0498,HKG-NODE-NODE-NODE-289,几何,基本图形的认识,利用互余与互补关系进行角度计算,余角和补角的计算,variant,zh,Grade 7 semester 1,常见说法；在部分教材中“余角/补角”与“互余/互补”并用。
SYN-0499,HKG-NODE-NODE-NODE-289,几何,基本图形的认识,利用互余与互补关系进行角度计算,互余互补角的计算,variant,zh,Grade 7 semester 1,直接点明依据关系求角。
SYN-0500,HKG-NODE-NODE-NODE-289,几何,基本图形的认识,利用互余与互补关系进行角度计算,根据互余互补求角,variant,zh,Grade 7 semester 1,题型导向表述，与本节点高度一致。
SYN-0501,HKG-NODE-NODE-NODE-289,几何,基本图形的认识,利用互余与互补关系进行角度计算,互余互补求角,variant,zh,Grade 7 semester 1,更简写的题型标签。
SYN-0502,HKG-NODE-NODE-NODE-292,几何,基本图形的认识,余角与补角的概念及其数量关系计算,余角与补角的概念及其数量关系计算,canonical,zh,Grade 7 semester 1,节点规范名称，兼顾概念识别与基础数量关系计算。
SYN-0503,HKG-NODE-NODE-NODE-292,几何,基本图形的认识,余角与补角的概念及其数量关系计算,余角与补角,variant,zh,Grade 7 semester 1,高频概念名称；有时仅指概念定义，不一定明确含计算。
SYN-0504,HKG-NODE-NODE-NODE-292,几何,基本图形的认识,余角与补角的概念及其数量关系计算,互余互补的计算,variant,zh,Grade 7 semester 1,偏向运算活动，通常指利用和为90°或180°求角。
SYN-0505,HKG-NODE-NODE-NODE-292,几何,基本图形的认识,余角与补角的概念及其数量关系计算,余补角计算,abbreviation,zh,Grade 7 semester 1,压缩表述，常见于练习或题库标签。
SYN-0506,HKG-NODE-NODE-NODE-292,几何,基本图形的认识,余角与补角的概念及其数量关系计算,余角和补角,variant,zh,Grade 7 semester 1,与“余角与补角”仅为连接词变体。
SYN-0507,HKG-NODE-NODE-NODE-294,几何,基本图形的认识,常见立体图形与其平面展开图的对应识别,常见立体图形与其平面展开图的对应识别,canonical,zh,Grade 7 semester 1,节点规范名称，强调立体图形与展开图之间的对应判断。
SYN-0508,HKG-NODE-NODE-NODE-294,几何,基本图形的认识,常见立体图形与其平面展开图的对应识别,立体图形的展开图,textbook_phrase,zh,Grade 7 semester 1,来源摘要中的核心表述；可能既包含由立体到展开，也包含由展开图还原立体。
SYN-0509,HKG-NODE-NODE-NODE-294,几何,基本图形的认识,常见立体图形与其平面展开图的对应识别,立体图形的平面展开图,variant,zh,Grade 7 semester 1,较完整说法，明确“平面”属性。
SYN-0510,HKG-NODE-NODE-NODE-294,几何,基本图形的认识,常见立体图形与其平面展开图的对应识别,几何体的展开图,variant,zh,Grade 7 semester 1,“立体图形”与“几何体”在此范围内常可互换。
SYN-0511,HKG-NODE-NODE-NODE-294,几何,基本图形的认识,常见立体图形与其平面展开图的对应识别,几何体的平面展开图,variant,zh,Grade 7 semester 1,与上条同义，强调平面图形式。
SYN-0512,HKG-NODE-NODE-NODE-294,几何,基本图形的认识,常见立体图形与其平面展开图的对应识别,展开图,abbreviation,zh,Grade 7 semester 1,高频简写；在几何语境中通常可指本节点，但也可能过宽，适用于平面图形或其他年级内容。
SYN-0513,HKG-NODE-NODE-NODE-295,几何,基本图形的认识,识别常见立体图形的展开图,识别常见立体图形的展开图,canonical,zh,Grade 7 semester 1,节点规范名，范围限定为常见立体图形与其平面展开图之间的对应识别与判断。
SYN-0514,HKG-NODE-NODE-NODE-295,几何,基本图形的认识,识别常见立体图形的展开图,立体图形的展开图,variant,zh,Grade 7 semester 1,常见上位说法。在教材或习题中既可能指识别展开图，也可能指画展开图；此处仅按本节点的“识别/判断”范围收录，存在操作层面歧义。
SYN-0515,HKG-NODE-NODE-NODE-295,几何,基本图形的认识,识别常见立体图形的展开图,平面展开图,variant,zh,Grade 7 semester 1,常见简称，通常指立体图形展开后的平面图形；单独出现时对象范围可能过宽。
SYN-0516,HKG-NODE-NODE-NODE-295,几何,基本图形的认识,识别常见立体图形的展开图,几何体的展开图,variant,zh,Grade 7 semester 1,与“立体图形的展开图”近义，仍可能同时指概念、识别或制作。
SYN-0517,HKG-NODE-NODE-NODE-295,几何,基本图形的认识,识别常见立体图形的展开图,常见立体图形的展开图识别,textbook_phrase,zh,Grade 7 semester 1,与节点范围高度一致，突出“识别”这一操作要求。
SYN-0518,HKG-NODE-NODE-NODE-301,几何,图形的位置关系,相交线与平行线,相交线与平行线,canonical,zh,Grade 7 semester 2,节点规范名，更像上位主题标签，覆盖两类直线位置关系。
SYN-0519,HKG-NODE-NODE-NODE-301,几何,图形的位置关系,相交线与平行线,直线的相交与平行关系,variant,zh,Grade 7 semester 2,与节点名称基本同义，强调研究对象为直线。
SYN-0520,HKG-NODE-NODE-NODE-301,几何,图形的位置关系,相交线与平行线,相交线和平行线,variant,zh,Grade 7 semester 2,连词变体，通常不改变节点范围。
SYN-0522,HKG-NODE-NODE-NODE-302,几何,图形的位置关系,点到直线的距离,点到直线的距离,canonical,zh,Grade 7 semester 2,节点规范名。与另一个节点“HKG-NODE-NODE-NODE-304”表面同形，但本节点按给定知识点应更偏概念对象本身。
SYN-0523,HKG-NODE-NODE-NODE-302,几何,图形的位置关系,点到直线的距离,点与直线的距离,variant,zh,Grade 7 semester 2,常见同义说法，强调对象关系。
SYN-0524,HKG-NODE-NODE-NODE-302,几何,图形的位置关系,点到直线的距离,一点到直线的距离,variant,zh,Grade 7 semester 2,常见表述，但也常用于定义性叙述，可能与节点304混用。
SYN-0526,HKG-NODE-NODE-NODE-304,几何,图形的位置关系,点到直线的距离的意义与确定方法,点到直线的距离的意义与确定方法,canonical,zh,Grade 7 semester 2,节点规范名，强调概念意义及如何确定该距离。
SYN-0527,HKG-NODE-NODE-NODE-304,几何,图形的位置关系,点到直线的距离的意义与确定方法,点到直线的距离,variant,zh,Grade 7 semester 2,来源给定同义项，但与节点302完全同形；在教学中常既指概念名也指其定义与作法。
SYN-0528,HKG-NODE-NODE-NODE-304,几何,图形的位置关系,点到直线的距离的意义与确定方法,一点到直线的距离,variant,zh,Grade 7 semester 2,常见定义引入说法，通常伴随“垂线段长度”确定方式。
SYN-0529,HKG-NODE-NODE-NODE-304,几何,图形的位置关系,点到直线的距离的意义与确定方法,点到直线距离的确定方法,textbook_phrase,zh,Grade 7 semester 2,突出操作侧重点，较能区别于纯概念节点。
SYN-0531,HKG-NODE-NODE-NODE-305,几何,图形的位置关系,两直线被第三条直线所截时同位角的识别,两直线被第三条直线所截时同位角的识别,canonical,zh,Grade 7 semester 2,节点规范名，强调位置关系辨认。
SYN-0532,HKG-NODE-NODE-NODE-305,几何,图形的位置关系,两直线被第三条直线所截时同位角的识别,同位角,variant,zh,Grade 7 semester 2,最常用名称，但单独出现时既可指概念名，也可指性质或判定应用。此处仅收录其识别范围。
SYN-0533,HKG-NODE-NODE-NODE-305,几何,图形的位置关系,两直线被第三条直线所截时同位角的识别,对应位置的角,variant,zh,Grade 7 semester 2,解释性说法，用于帮助识别同位角。
SYN-0534,HKG-NODE-NODE-NODE-305,几何,图形的位置关系,两直线被第三条直线所截时同位角的识别,识别同位角,textbook_phrase,zh,Grade 7 semester 2,直接表明本节点的操作要求。
SYN-0535,HKG-NODE-NODE-NODE-305,几何,图形的位置关系,两直线被第三条直线所截时同位角的识别,找同位角,variant,zh,Grade 7 semester 2,课堂口语化任务表达，通常与图中辨认活动对应。
SYN-0536,HKG-NODE-NODE-NODE-306,几何,图形的位置关系,两直线被第三条直线所截时内错角的识别,两直线被第三条直线所截时内错角的识别,canonical,zh,Grade 7 semester 2,节点规范名，强调内错角位置关系的辨认。
SYN-0537,HKG-NODE-NODE-NODE-306,几何,图形的位置关系,两直线被第三条直线所截时内错角的识别,内错角,variant,zh,Grade 7 semester 2,最常用术语，但单独出现时也可能承载性质或判定内容；本节点限于识别。
SYN-0538,HKG-NODE-NODE-NODE-306,几何,图形的位置关系,两直线被第三条直线所截时内错角的识别,识别内错角,textbook_phrase,zh,Grade 7 semester 2,直接对应本节点任务要求。
SYN-0539,HKG-NODE-NODE-NODE-306,几何,图形的位置关系,两直线被第三条直线所截时内错角的识别,找内错角,variant,zh,Grade 7 semester 2,课堂活动中的口语化表达。
SYN-0540,HKG-NODE-NODE-X-Y,几何,数轴与坐标系,根据点的坐标求点到x轴、y轴的距离,根据点的坐标求点到x轴、y轴的距离,canonical,mixed,Grade 7 semester 2,节点规范名，强调“根据坐标求距离”的求法。
SYN-0541,HKG-NODE-NODE-X-Y,几何,数轴与坐标系,根据点的坐标求点到x轴、y轴的距离,点到坐标轴的距离,variant,zh,Grade 7 semester 2,常见简称，但与节点“HKG-NODE-NODE-X-Y-03”高度重合，也可能被理解为更一般的概念性表述。
SYN-0542,HKG-NODE-NODE-X-Y,几何,数轴与坐标系,根据点的坐标求点到x轴、y轴的距离,点到x轴和y轴的距离,variant,mixed,Grade 7 semester 2,直接描述对象，通常用于平面直角坐标系情境。
SYN-0543,HKG-NODE-NODE-X-Y,几何,数轴与坐标系,根据点的坐标求点到x轴、y轴的距离,坐标轴距离的求法,textbook_phrase,zh,Grade 7 semester 2,突出通过横纵坐标绝对值求距离的方法性要求。
SYN-0544,HKG-NODE-NODE-X-Y,几何,数轴与坐标系,根据点的坐标求点到x轴、y轴的距离,由点的坐标求到坐标轴的距离,textbook_phrase,zh,Grade 7 semester 2,与规范名同义，保留“由坐标求”的步骤信息。
SYN-0545,HKG-NODE-NODE-X-Y-03,几何,数轴与坐标系,求平面直角坐标系中一点到x轴和y轴的距离,求平面直角坐标系中一点到x轴和y轴的距离,canonical,mixed,Grade 7 semester 2,节点规范名，强调平面直角坐标系中的求值任务。
SYN-0546,HKG-NODE-NODE-X-Y-03,几何,数轴与坐标系,求平面直角坐标系中一点到x轴和y轴的距离,点到坐标轴的距离,variant,zh,Grade 7 semester 2,常见简称，与节点X-Y完全同形；此处理解为在平面直角坐标系中求一点到两轴的距离。
SYN-0547,HKG-NODE-NODE-X-Y-03,几何,数轴与坐标系,求平面直角坐标系中一点到x轴和y轴的距离,点到x轴和y轴的距离,variant,mixed,Grade 7 semester 2,常见任务表述。
SYN-0548,HKG-NODE-NODE-X-Y-03,几何,数轴与坐标系,求平面直角坐标系中一点到x轴和y轴的距离,坐标平面中点到轴的距离,variant,zh,Grade 7 semester 2,强调情境是坐标平面，范围与本节点较一致。
SYN-0549,HKG-NODE-NODE-X-Y-03,几何,数轴与坐标系,求平面直角坐标系中一点到x轴和y轴的距离,平面直角坐标系中点到坐标轴的距离,textbook_phrase,zh,Grade 7 semester 2,较完整地保留情境与对象信息。
SYN-0550,HKG-NODE-NODE-NODE-326,几何,数轴与坐标系,数轴上两点中点的坐标公式,数轴上两点中点的坐标公式,canonical,zh,Grade 7 semester 2,节点规范名，限定在一维数轴情境。
SYN-0551,HKG-NODE-NODE-NODE-326,几何,数轴与坐标系,数轴上两点中点的坐标公式,中点坐标公式,variant,zh,Grade 7 semester 2,常见简称，但未指明是一维还是二维；可能与平面直角坐标系中的中点公式混淆。
SYN-0552,HKG-NODE-NODE-NODE-326,几何,数轴与坐标系,数轴上两点中点的坐标公式,数轴中点坐标公式,variant,zh,Grade 7 semester 2,较稳定地指向一维中点坐标求法。
SYN-0553,HKG-NODE-NODE-NODE-326,几何,数轴与坐标系,数轴上两点中点的坐标公式,线段中点坐标公式（数轴上）,variant,zh,Grade 7 semester 2,对适用对象作了补充限定，避免与平面线段中点公式混淆。
SYN-0554,HKG-NODE-NODE-NODE-326,几何,数轴与坐标系,数轴上两点中点的坐标公式,数轴上中点坐标的求法,textbook_phrase,zh,Grade 7 semester 2,强调由两点坐标求中点坐标的方法。
SYN-0555,HKG-NODE-NODE-NODE-326,几何,数轴与坐标系,数轴上两点中点的坐标公式,\((x_1+x_2)/2\),formula,symbolic,Grade 7 semester 2,一维数轴上两点中点坐标的典型公式写法；符号本身也可在二维中作为某一坐标分量出现。
SYN-0556,HKG-NODE-NODE-NODE-327,几何,三角形,三角形三边关系（任意两边之和大于第三边，任意两边之差小于第三边）,三角形三边关系（任意两边之和大于第三边，任意两边之差小于第三边）,canonical,zh,Grade 7 semester 2,节点规范名，完整呈现可构成条件与差的范围约束。
SYN-0557,HKG-NODE-NODE-NODE-327,几何,三角形,三角形三边关系（任意两边之和大于第三边，任意两边之差小于第三边）,三角形三边关系,variant,zh,Grade 7 semester 2,最常见概括名称。
SYN-0558,HKG-NODE-NODE-NODE-327,几何,三角形,三角形三边关系（任意两边之和大于第三边，任意两边之差小于第三边）,三角形三边不等关系,variant,zh,Grade 7 semester 2,强调不等式性质。
SYN-0559,HKG-NODE-NODE-NODE-327,几何,三角形,三角形三边关系（任意两边之和大于第三边，任意两边之差小于第三边）,三角形三边的关系,variant,zh,Grade 7 semester 2,语序变体，通常不改变范围。
SYN-0560,HKG-NODE-NODE-NODE-327,几何,三角形,三角形三边关系（任意两边之和大于第三边，任意两边之差小于第三边）,三角形三边不等式,variant,zh,Grade 7 semester 2,常见术语，但在不同课程体系中有时只突出“任意两边之和大于第三边”；此节点还包含“两边之差小于第三边”的取值范围表述。
SYN-0561,HKG-NODE-NODE-NODE-327,几何,三角形,三角形三边关系（任意两边之和大于第三边，任意两边之差小于第三边）,任意两边之和大于第三边,textbook_phrase,zh,Grade 7 semester 2,三角形三边关系的核心性质之一，可作为局部表层形式。
SYN-0562,HKG-NODE-NODE-NODE-327,几何,三角形,三角形三边关系（任意两边之和大于第三边，任意两边之差小于第三边）,任意两边之差小于第三边,textbook_phrase,zh,Grade 7 semester 2,第三边取值范围的另一核心表述。
SYN-0563,HKG-NODE-NODE-NODE-331,几何,三角形,三角形三边关系,三角形三边关系,canonical,zh,Grade 7 semester 2,节点的规范名称，指三角形三边之间的基本约束关系这一主题。
SYN-0564,HKG-NODE-NODE-NODE-331,几何,三角形,三角形三边关系,三角形边的关系,variant,zh,Grade 7 semester 2,与规范名近义，但表述略宽；通常仍指三角形三边之间的关系。
SYN-0565,HKG-NODE-NODE-NODE-331,几何,三角形,三角形三边关系,三角形三边的关系,variant,zh,Grade 7 semester 2,与节点范围一致，直接对应三边之间的关系。
SYN-0567,HKG-NODE-NODE-NODE-333,几何,角,多边形内角和定理及其计算,多边形内角和定理及其计算,canonical,zh,Grade 7 semester 2,节点规范名称，强调凸多边形内角和与边数关系及基础计算。
SYN-0568,HKG-NODE-NODE-NODE-333,几何,角,多边形内角和定理及其计算,多边形的内角和,variant,zh,Grade 7 semester 2,常见表述，可指内角和这一主题；也可能泛指结果值本身。
SYN-0569,HKG-NODE-NODE-NODE-333,几何,角,多边形内角和定理及其计算,n边形内角和,variant,mixed,Grade 7 semester 2,用于强调边数与内角和的对应关系；n为变量。
SYN-0570,HKG-NODE-NODE-NODE-333,几何,角,多边形内角和定理及其计算,多边形内角和公式,variant,zh,Grade 7 semester 2,常用于指向定理的公式表达与计算；与节点335高度重叠，需依赖后续关系层消歧。
SYN-0571,HKG-NODE-NODE-NODE-333,几何,角,多边形内角和定理及其计算,多边形内角和定理,variant,zh,Grade 7 semester 2,聚焦定理名称本身，通常与其计算应用一起教学。
SYN-0572,HKG-NODE-NODE-NODE-333,几何,角,多边形内角和定理及其计算,(n-2)×180°,formula,symbolic,Grade 7 semester 2,多边形内角和常见公式写法，默认指n边形内角和；与节点335同样可能共享。
SYN-0573,HKG-NODE-NODE-NODE-335,几何,角,多边形内角和公式及其应用,多边形内角和公式及其应用,canonical,zh,Grade 7 semester 2,节点规范名称，聚焦n边形内角和规律、公式表达与求角应用。
SYN-0574,HKG-NODE-NODE-NODE-335,几何,角,多边形内角和公式及其应用,多边形的内角和,variant,zh,Grade 7 semester 2,常见主题名；既可指结果，也可指相关公式与应用。
SYN-0575,HKG-NODE-NODE-NODE-335,几何,角,多边形内角和公式及其应用,n边形内角和,variant,mixed,Grade 7 semester 2,与公式应用场景一致，但与节点333存在强歧义。
SYN-0576,HKG-NODE-NODE-NODE-335,几何,角,多边形内角和公式及其应用,多边形内角和公式,variant,zh,Grade 7 semester 2,直接对应公式表达；与节点333高度重叠。
SYN-0577,HKG-NODE-NODE-NODE-335,几何,角,多边形内角和公式及其应用,(n-2)×180°,formula,symbolic,Grade 7 semester 2,n边形内角和公式的标准写法。
SYN-0579,HKG-NODE-NODE-NODE-339,几何,角,三角形外角的定义（由三角形一边与其邻边延长线组成的角）,三角形外角的定义（由三角形一边与其邻边延长线组成的角）,canonical,zh,Grade 7 semester 2,节点规范名称，强调定义性表述。
SYN-0580,HKG-NODE-NODE-NODE-339,几何,角,三角形外角的定义（由三角形一边与其邻边延长线组成的角）,三角形的外角,variant,zh,Grade 7 semester 2,常见教材式表述，可指对象概念本身。
SYN-0581,HKG-NODE-NODE-NODE-339,几何,角,三角形外角的定义（由三角形一边与其邻边延长线组成的角）,三角形外角,variant,zh,Grade 7 semester 2,常用简称，既可指定义对象，也可指其性质，需注意与性质节点区分。
SYN-0583,HKG-NODE-NODE-NODE-342,几何,角,三角形外角的定义与识别,三角形外角的定义与识别,canonical,zh,Grade 7 semester 2,节点规范名称，聚焦外角概念识别。
SYN-0584,HKG-NODE-NODE-NODE-342,几何,角,三角形外角的定义与识别,三角形的外角,variant,zh,Grade 7 semester 2,与节点范围一致，但与节点339共享表层形式。
SYN-0585,HKG-NODE-NODE-NODE-342,几何,角,三角形外角的定义与识别,三角形外角,variant,zh,Grade 7 semester 2,常用简称，可指对象识别，也可指性质定理。
SYN-0586,HKG-NODE-NODE-NODE-342,几何,角,三角形外角的定义与识别,三角形外角的识别,variant,zh,Grade 7 semester 2,更强调从图形中辨认外角，属于本节点的教学活动表述。
SYN-0587,HKG-NODE-NODE-NODE-346,几何,三角形,全等三角形,全等三角形,canonical,zh,Grade 8 semester 1,节点规范名称，可覆盖概念、性质与判定这一组合主题。
SYN-0588,HKG-NODE-NODE-NODE-346,几何,三角形,全等三角形,三角形全等,variant,zh,Grade 8 semester 1,常见倒装表达，通常与全等三角形同义。
SYN-0589,HKG-NODE-NODE-NODE-346,几何,三角形,全等三角形,三角形的全等,variant,zh,Grade 8 semester 1,教材式名词化表达，常见于章节标题。
SYN-0590,HKG-NODE-NODE-NODE-346,几何,三角形,全等三角形,congruent triangles,variant,en,Grade 8 semester 1,英文对应表达，适用于双语资源。
SYN-0591,HKG-NODE-NODE-NODE-346,几何,三角形,全等三角形,≌,notation,symbolic,Grade 8 semester 1,全等关系常用符号，如△ABC≌△DEF；符号本身也可用于其他全等图形。
SYN-0592,HKG-NODE-NODE-NODE-348,几何,三角形,三角形全等,三角形全等,canonical,zh,Grade 8 semester 1,节点规范名称，指三角形全等这一主题。
SYN-0593,HKG-NODE-NODE-NODE-348,几何,三角形,三角形全等,全等三角形,variant,zh,Grade 8 semester 1,常见同义表达，但与节点346完全重叠。
SYN-0594,HKG-NODE-NODE-NODE-348,几何,三角形,三角形全等,三角形的全等,variant,zh,Grade 8 semester 1,教材中可能作为章节标题使用。
SYN-0596,HKG-NODE-NODE-NODE-352,几何,多边形,多边形的内角,多边形的内角,canonical,zh,Grade 8 semester 1,节点规范名称，指多边形内角这一对象层概念。
SYN-0597,HKG-NODE-NODE-NODE-352,几何,多边形,多边形的内角,多边形内角,variant,zh,Grade 8 semester 1,常用简称，与规范名同义。
SYN-0599,HKG-NODE-NODE-NODE-353,几何,多边形,多边形的外角,多边形的外角,canonical,zh,Grade 8 semester 1,节点规范名称，指多边形外角这一对象层概念。
SYN-0600,HKG-NODE-NODE-NODE-353,几何,多边形,多边形的外角,多边形外角,variant,zh,Grade 8 semester 1,常用简称，与规范名同义。
SYN-0602,HKG-NODE-NODE-NODE-357,几何,三角形,勾股定理,勾股定理,canonical,zh,Grade 8 semester 1,节点规范名称，指直角三角形三边平方关系。
SYN-0603,HKG-NODE-NODE-NODE-357,几何,三角形,勾股定理,毕达哥拉斯定理,variant,zh,Grade 8 semester 1,勾股定理的常见别称。
SYN-0605,HKG-NODE-NODE-NODE-357,几何,三角形,勾股定理,a²+b²=c²,formula,symbolic,Grade 8 semester 1,勾股定理最常见公式形式，默认c表示斜边。
SYN-0606,HKG-NODE-NODE-NODE-357,几何,三角形,勾股定理,c²=a²+b²,formula,symbolic,Grade 8 semester 1,与a²+b²=c²等价的常见改写。
SYN-0607,HKG-NODE-NODE-NODE-357,几何,三角形,勾股定理,Pythagorean theorem,variant,en,Grade 8 semester 1,英文对应表达，适用于双语资源。
SYN-0608,HKG-NODE-NODE-NODE-358,几何,三角形,勾股定理逆定理,勾股定理逆定理,canonical,zh,Grade 8 semester 1,规范知识点名称，指由三边平方关系判定直角三角形的定理。
SYN-0609,HKG-NODE-NODE-NODE-358,几何,三角形,勾股定理逆定理,勾股定理的逆定理,variant,zh,Grade 8 semester 1,与规范名同义，常见于教材目录或讲解标题。
SYN-0610,HKG-NODE-NODE-NODE-358,几何,三角形,勾股定理逆定理,毕达哥拉斯定理逆定理,variant,zh,Grade 8 semester 1,基于“勾股定理=毕达哥拉斯定理”的异名表达；在中文教材中出现频率可能低于“勾股定理逆定理”。
SYN-0611,HKG-NODE-NODE-NODE-358,几何,三角形,勾股定理逆定理,若a^2+b^2=c^2，则该三角形为直角三角形,formula,symbolic,Grade 8 semester 1,用符号概括逆定理内容；与正向“直角三角形满足a^2+b^2=c^2”方向不同，需注意是判定式表述。
SYN-0612,HKG-NODE-NODE-NODE-360,几何,周长和面积,复合图形中由平行四边形与三角形组成图形的面积分解与拼合计算,复合图形中由平行四边形与三角形组成图形的面积分解与拼合计算,canonical,zh,Grade 8 semester 2,规范知识点名称，强调复合图形中的面积分解、补形与拼合。
SYN-0613,HKG-NODE-NODE-NODE-360,几何,周长和面积,复合图形中由平行四边形与三角形组成图形的面积分解与拼合计算,平行四边形与三角形组合图形的面积计算,variant,zh,Grade 8 semester 2,同一范围的简化表达，仍指复合图形面积问题。
SYN-0614,HKG-NODE-NODE-NODE-360,几何,周长和面积,复合图形中由平行四边形与三角形组成图形的面积分解与拼合计算,平行四边形和三角形复合图形面积,variant,zh,Grade 8 semester 2,口语化或题型化表达，范围与节点一致。
SYN-0615,HKG-NODE-NODE-NODE-360,几何,周长和面积,复合图形中由平行四边形与三角形组成图形的面积分解与拼合计算,平行四边形与三角形面积的分解计算,variant,zh,Grade 8 semester 2,强调分解法；若脱离“复合图形”语境，可能被误解为分别计算两类基本图形面积。
SYN-0617,HKG-NODE-NODE-NODE-370,几何,圆,弧的概念与识别,弧的概念与识别,canonical,zh,Grade 9 semester 1,规范知识点名称，指圆上两点间部分的对象认识与识别。
SYN-0618,HKG-NODE-NODE-NODE-370,几何,圆,弧的概念与识别,弧,variant,zh,Grade 9 semester 1,最常见短称；但在题目中也可能转指弧长或具体某段弧，存在对象概念与度量对象混用风险。
SYN-0619,HKG-NODE-NODE-NODE-370,几何,圆,弧的概念与识别,圆弧,variant,zh,Grade 9 semester 1,比“弧”更明确地落在圆的语境中，通常与本节点同义。
SYN-0620,HKG-NODE-NODE-NODE-375,几何,圆,点与圆的位置关系的判定,点与圆的位置关系的判定,canonical,zh,Grade 9 semester 1,规范知识点名称，指依据点到圆心距离与半径比较进行判定。
SYN-0621,HKG-NODE-NODE-NODE-375,几何,圆,点与圆的位置关系的判定,点和圆的位置关系,variant,zh,Grade 9 semester 1,“和/与”替换的常见同义表达。
SYN-0622,HKG-NODE-NODE-NODE-375,几何,圆,点与圆的位置关系的判定,点与圆的位置关系,variant,zh,Grade 9 semester 1,常见目录式表述，通常默认包含判定。
SYN-0623,HKG-NODE-NODE-NODE-375,几何,圆,点与圆的位置关系的判定,d与r的比较判定点在圆内、圆上、圆外,notation,symbolic,Grade 9 semester 1,用距离d与半径r的大小关系概括该节点操作范围。
SYN-0624,HKG-NODE-NODE-NODE-376,几何,圆,直线与圆的位置关系的判定,直线与圆的位置关系的判定,canonical,zh,Grade 9 semester 1,规范知识点名称，指相离、相切、相交的判定。
SYN-0625,HKG-NODE-NODE-NODE-376,几何,圆,直线与圆的位置关系的判定,直线和圆的位置关系,variant,zh,Grade 9 semester 1,“和/与”替换的常见同义表达。
SYN-0626,HKG-NODE-NODE-NODE-376,几何,圆,直线与圆的位置关系的判定,直线与圆的位置关系,variant,zh,Grade 9 semester 1,目录式简写，通常默认包含基本分类与判定。
SYN-0627,HKG-NODE-NODE-NODE-376,几何,圆,直线与圆的位置关系的判定,相离、相切、相交,textbook_phrase,zh,Grade 9 semester 1,是本节点的核心分类词，但若单独出现也可能用于圆与圆的位置关系，存在跨节点歧义。
SYN-0628,HKG-NODE-NODE-NODE-382,几何,圆,弧长公式及弧长计算,弧长公式及弧长计算,canonical,zh,Grade 9 semester 1,规范知识点名称，指圆中弧长的公式与常规求法。
SYN-0629,HKG-NODE-NODE-NODE-382,几何,圆,弧长公式及弧长计算,弧长计算,variant,zh,Grade 9 semester 1,常见题型表达，与本节点范围一致。
SYN-0630,HKG-NODE-NODE-NODE-382,几何,圆,弧长公式及弧长计算,圆弧长度的求法,variant,zh,Grade 9 semester 1,叙述式表达，通常指弧长公式应用。
SYN-0631,HKG-NODE-NODE-NODE-382,几何,圆,弧长公式及弧长计算,弧长公式,variant,zh,Grade 9 semester 1,可指向本节点，但若只谈公式记忆不谈计算，也仍在该节点范围内。
SYN-0632,HKG-NODE-NODE-NODE-382,几何,圆,弧长公式及弧长计算,l=nπr/180,formula,symbolic,Grade 9 semester 1,圆心角用角度制表示时的常见弧长公式写法。
SYN-0633,HKG-NODE-NODE-NODE-382,几何,圆,弧长公式及弧长计算,l=(θ/360)·2πr,formula,symbolic,Grade 9 semester 1,以圆心角占整圆比例表示的弧长公式；θ为圆心角。
SYN-0634,HKG-NODE-NODE-NODE-383,几何,圆,扇形面积公式及扇形面积计算,扇形面积公式及扇形面积计算,canonical,zh,Grade 9 semester 1,规范知识点名称，指扇形面积公式与求法。
SYN-0635,HKG-NODE-NODE-NODE-383,几何,圆,扇形面积公式及扇形面积计算,扇形面积计算,variant,zh,Grade 9 semester 1,常见题型表达，与本节点一致。
SYN-0636,HKG-NODE-NODE-NODE-383,几何,圆,扇形面积公式及扇形面积计算,求扇形面积,variant,zh,Grade 9 semester 1,题目指令式表达，通常直接映射到本节点。
SYN-0637,HKG-NODE-NODE-NODE-383,几何,圆,扇形面积公式及扇形面积计算,扇形面积公式,variant,zh,Grade 9 semester 1,公式记忆与应用均落在本节点范围内。
SYN-0638,HKG-NODE-NODE-NODE-383,几何,圆,扇形面积公式及扇形面积计算,S扇形=nπr^2/360,formula,symbolic,Grade 9 semester 1,圆心角用角度制表示时的常见扇形面积公式。
SYN-0639,HKG-NODE-NODE-NODE-383,几何,圆,扇形面积公式及扇形面积计算,S=(θ/360)·πr^2,formula,symbolic,Grade 9 semester 1,以圆心角占整圆比例表示的扇形面积公式；θ为圆心角。
SYN-0640,HKG-NODE-NODE-NODE-389,几何,图形的位置关系,图形的旋转,图形的旋转,canonical,zh,Grade 9 semester 1,规范知识点名称，指平面图形的旋转这一变换主题。
SYN-0642,HKG-NODE-NODE-NODE-389,几何,图形的位置关系,图形的旋转,图形旋转,variant,zh,Grade 9 semester 1,比“旋转”更聚焦于几何图形变换，但仍与节点390近乎同义。
SYN-0643,HKG-NODE-NODE-NODE-389,几何,图形的位置关系,图形的旋转,平面图形的旋转,variant,zh,Grade 9 semester 1,较完整表述，通常等同于本节点。
SYN-0644,HKG-NODE-NODE-NODE-390,几何,图形的位置关系,图形的旋转（平面几何中的旋转变换）,图形的旋转（平面几何中的旋转变换）,canonical,zh,Grade 9 semester 1,规范知识点名称，强调这是平面几何中的变换意义。
SYN-0645,HKG-NODE-NODE-NODE-390,几何,图形的位置关系,图形的旋转（平面几何中的旋转变换）,旋转变换,variant,zh,Grade 9 semester 1,更明确突出“变换”属性，较适合与一般转动区分。
SYN-0646,HKG-NODE-NODE-NODE-390,几何,图形的位置关系,图形的旋转（平面几何中的旋转变换）,图形旋转,variant,zh,Grade 9 semester 1,常用短语；但与节点389使用面重合。
SYN-0647,HKG-NODE-NODE-NODE-390,几何,图形的位置关系,图形的旋转（平面几何中的旋转变换）,平面图形的旋转,variant,zh,Grade 9 semester 1,与本节点语义一致，强调平面几何场景。
SYN-0648,HKG-NODE-NODE-NODE-392,几何,圆,圆周角定理,圆周角定理,canonical,zh,Grade 9 semester 2,规范知识点名称，指圆周角与所对弧、所对圆心角关系的定理性知识。
SYN-0649,HKG-NODE-NODE-NODE-392,几何,圆,圆周角定理,圆周角性质,variant,zh,Grade 9 semester 2,常见替代表述；但“性质”有时会把若干推论一并带入，外延可能略宽于单一定理。
SYN-0650,HKG-NODE-NODE-NODE-392,几何,圆,圆周角定理,圆周角定理及其推论,variant,zh,Grade 9 semester 2,来源给出的同义表达，但其外延可能大于单独“圆周角定理”节点。
SYN-0652,HKG-NODE-NODE-NODE-392,几何,圆,圆周角定理,同弧所对的圆心角是圆周角的2倍,textbook_phrase,zh,Grade 9 semester 2,常见定理核心表述之一，可视为圆周角定理的命题化表达。
SYN-0653,HKG-NODE-NODE-NODE-393,几何,圆,垂径定理,垂径定理,canonical,zh,Grade 9 semester 2,圆中关于垂直于弦的直径与弦、弧关系的定理性知识点核心名称。
SYN-0654,HKG-NODE-NODE-NODE-393,几何,圆,垂径定理,垂径性质,variant,zh,Grade 9 semester 2,教材或教学中常把该定理内容表述为“性质”。与“垂径定理”通常同指，但有时会混入推论或逆命题，需结合上下文核对。
SYN-0655,HKG-NODE-NODE-NODE-393,几何,圆,垂径定理,垂径定理及其推论,textbook_phrase,zh,Grade 9 semester 2,来源给出的合并式标题，通常覆盖定理本身及直接推论；若知识图谱要求严格区分定理与推论，应进一步拆分。
SYN-0656,HKG-NODE-NODE-NODE-393,几何,圆,垂径定理,垂直于弦的直径平分这条弦,variant,zh,Grade 9 semester 2,垂径定理常见结论式表述之一。仅在明确语境为圆中直径与弦关系时指向本节点。
SYN-0657,HKG-NODE-NODE-NODE-393,几何,圆,垂径定理,垂直于弦的直径平分弦所对的两条弧,variant,zh,Grade 9 semester 2,垂径定理常见结论式表述之一，指向直径、弦与弧的关系。
SYN-0658,HKG-NODE-NODE-NODE-396,几何,圆,圆内接四边形的概念,圆内接四边形的概念,canonical,zh,Grade 9 semester 2,对象概念节点，强调四边形四个顶点在同一圆上这一概念。
SYN-0659,HKG-NODE-NODE-NODE-396,几何,圆,圆内接四边形的概念,内接四边形,variant,zh,Grade 9 semester 2,常用简称。该表述也常被用于包含性质与判定的更宽泛教学单元，因此与性质节点存在歧义。
SYN-0660,HKG-NODE-NODE-NODE-396,几何,圆,圆内接四边形的概念,圆的内接四边形,variant,zh,Grade 9 semester 2,强调该四边形与圆的从属关系，通常仍指对象概念。
SYN-0661,HKG-NODE-NODE-NODE-396,几何,圆,圆内接四边形的概念,圆内接四边形,variant,zh,Grade 9 semester 2,常见规范说法。若上下文出现“性质”“判定”“对角互补”等，应转向性质与判定节点。
SYN-0662,HKG-NODE-NODE-NODE-396,几何,圆,圆内接四边形的概念,圆周四边形,variant,zh,Grade 9 semester 2,部分地区或资料使用的同义称呼，通常指四顶点共圆的四边形。
SYN-0663,HKG-NODE-NODE-NODE-399,几何,圆,圆内接四边形的性质与判定,圆内接四边形的性质与判定,canonical,zh,Grade 9 semester 2,覆盖圆内接四边形相关性质及逆用判定的综合节点。
SYN-0664,HKG-NODE-NODE-NODE-399,几何,圆,圆内接四边形的性质与判定,内接四边形,variant,zh,Grade 9 semester 2,在练习与讲授中常简写为“内接四边形”，但该简称也可仅指概念对象，存在与概念节点的歧义。
SYN-0665,HKG-NODE-NODE-NODE-399,几何,圆,圆内接四边形的性质与判定,圆内接四边形,variant,zh,Grade 9 semester 2,常见名称；在性质、判定题环境下通常指本节点范围。
SYN-0666,HKG-NODE-NODE-NODE-399,几何,圆,圆内接四边形的性质与判定,圆周四边形,variant,zh,Grade 9 semester 2,可作为圆内接四边形的同义表述；当用于角度性质或判定时可指向本节点。
SYN-0667,HKG-NODE-NODE-NODE-399,几何,圆,圆内接四边形的性质与判定,圆内接四边形的性质,variant,zh,Grade 9 semester 2,若教学内容强调对角互补等性质，可视作本节点的子范围表述。
SYN-0668,HKG-NODE-NODE-NODE-399,几何,圆,圆内接四边形的性质与判定,圆内接四边形的判定,variant,zh,Grade 9 semester 2,若教学内容强调逆用判定，可视作本节点的子范围表述。
SYN-0669,HKG-NODE-NODE-NODE-403,几何,三角形,三角形内心的概念与作图依据,三角形内心的概念与作图依据,canonical,zh,Grade 9 semester 2,聚焦内心的定义性认识及据此作图。
SYN-0670,HKG-NODE-NODE-NODE-403,几何,三角形,三角形内心的概念与作图依据,三角形的内心,variant,zh,Grade 9 semester 2,规范表述，通常指三角形三条角平分线的交点。
SYN-0671,HKG-NODE-NODE-NODE-403,几何,三角形,三角形内心的概念与作图依据,内心,variant,zh,Grade 9 semester 2,几何中常用简称；脱离“三角形”语境时可能过于泛化，但在初中几何通常默认指三角形内心。
SYN-0672,HKG-NODE-NODE-NODE-403,几何,三角形,三角形内心的概念与作图依据,角平分线交点,variant,zh,Grade 9 semester 2,定义式表述，指三角形三条角平分线的交点。
SYN-0673,HKG-NODE-NODE-NODE-403,几何,三角形,三角形内心的概念与作图依据,三角形三条角平分线的交点,variant,zh,Grade 9 semester 2,更完整的定义式说法，可直接指向内心概念与作图依据。
SYN-0674,HKG-NODE-NODE-NODE-404,几何,三角形,三角形外心的概念与作图依据,三角形外心的概念与作图依据,canonical,zh,Grade 9 semester 2,聚焦外心的定义性认识及据此作图。
SYN-0675,HKG-NODE-NODE-NODE-404,几何,三角形,三角形外心的概念与作图依据,三角形的外心,variant,zh,Grade 9 semester 2,规范表述，通常指三边垂直平分线的交点。
SYN-0676,HKG-NODE-NODE-NODE-404,几何,三角形,三角形外心的概念与作图依据,外心,variant,zh,Grade 9 semester 2,几何中常用简称；在初中语境中一般默认指三角形外心。
SYN-0677,HKG-NODE-NODE-NODE-404,几何,三角形,三角形外心的概念与作图依据,垂直平分线交点,variant,zh,Grade 9 semester 2,定义式表述，指三角形三边垂直平分线的交点。
SYN-0678,HKG-NODE-NODE-NODE-404,几何,三角形,三角形外心的概念与作图依据,三角形三边垂直平分线的交点,variant,zh,Grade 9 semester 2,更完整的定义式说法，可直接指向外心概念与作图依据。
SYN-0679,HKG-NODE-NODE-NODE-409,几何,图形的位置关系,直线与圆的位置关系的分类：相交、相离、相切,直线与圆的位置关系的分类：相交、相离、相切,canonical,zh,Grade 9 semester 2,直线与圆基本位置关系分类节点。
SYN-0680,HKG-NODE-NODE-NODE-409,几何,图形的位置关系,直线与圆的位置关系的分类：相交、相离、相切,直线和圆的位置关系,variant,zh,Grade 9 semester 2,“和/与”属于表面差异。该表述有时也用于包含判定方法的更大范围内容。
SYN-0681,HKG-NODE-NODE-NODE-409,几何,图形的位置关系,直线与圆的位置关系的分类：相交、相离、相切,直线与圆的相交、相离、相切,variant,zh,Grade 9 semester 2,直接列举三类情形，通常与本节点同义。
SYN-0682,HKG-NODE-NODE-NODE-409,几何,图形的位置关系,直线与圆的位置关系的分类：相交、相离、相切,直线与圆的位置关系分类,variant,zh,Grade 9 semester 2,强调分类任务而非判定方法。
SYN-0683,HKG-NODE-NODE-NODE-409,几何,图形的位置关系,直线与圆的位置关系的分类：相交、相离、相切,直线与圆的位置关系,variant,zh,Grade 9 semester 2,常用总称；若上下文只要求识别相交、相离、相切三类，可指向本节点。
SYN-0684,HKG-NODE-NODE-NODE-410,几何,图形的位置关系,直线与圆的位置关系分类：相交、相离、相切,直线与圆的位置关系分类：相交、相离、相切,canonical,zh,Grade 9 semester 2,与409几乎同域同义的节点名称，当前更像重复建点。
SYN-0685,HKG-NODE-NODE-NODE-410,几何,图形的位置关系,直线与圆的位置关系分类：相交、相离、相切,直线与圆的相交、相离、相切,variant,zh,Grade 9 semester 2,直接列举三类位置关系的常见说法。
SYN-0686,HKG-NODE-NODE-NODE-410,几何,图形的位置关系,直线与圆的位置关系分类：相交、相离、相切,直线和圆的位置关系,variant,zh,Grade 9 semester 2,“和/与”属于表面变体；若上下文强调三类基本情形，可指向本节点。
SYN-0687,HKG-NODE-NODE-NODE-410,几何,图形的位置关系,直线与圆的位置关系分类：相交、相离、相切,直线与圆的位置关系,variant,zh,Grade 9 semester 2,常见总称。用于分类识别语境时可对应本节点。
SYN-0688,HKG-NODE-NODE-NODE-414,概率与统计,统计,认识复式统计表并理解其用多项分类信息整理数据的作用,认识复式统计表并理解其用多项分类信息整理数据的作用,canonical,zh,Grade 3 semester 2,强调复式统计表的概念性认识及其在多项分类信息整理中的作用。
SYN-0689,HKG-NODE-NODE-NODE-414,概率与统计,统计,认识复式统计表并理解其用多项分类信息整理数据的作用,复式统计表的概念,variant,zh,Grade 3 semester 2,对应概念认识层面的表述。
SYN-0690,HKG-NODE-NODE-NODE-414,概率与统计,统计,认识复式统计表并理解其用多项分类信息整理数据的作用,认识复式统计表,variant,zh,Grade 3 semester 2,常见教学目标式表述，强调初步认识。
SYN-0691,HKG-NODE-NODE-NODE-414,概率与统计,统计,认识复式统计表并理解其用多项分类信息整理数据的作用,复式统计表,variant,zh,Grade 3 semester 2,最常见简称；但该表述也可能指向结构、用途、制作等更宽节点。
SYN-0693,HKG-NODE-NODE-NODE-416,概率与统计,统计,认识复式统计表的结构与用途,认识复式统计表的结构与用途,canonical,zh,Grade 3 semester 2,聚焦复式统计表的表示结构、行列类别含义及基本用途。
SYN-0694,HKG-NODE-NODE-NODE-416,概率与统计,统计,认识复式统计表的结构与用途,复式统计表,variant,zh,Grade 3 semester 2,最常见名称；在强调结构、用途、双向分类时可指向本节点。
SYN-0695,HKG-NODE-NODE-NODE-416,概率与统计,统计,认识复式统计表的结构与用途,双向统计表,variant,zh,Grade 3 semester 2,常见同义称呼，强调两个分类维度。
SYN-0697,HKG-NODE-NODE-NODE-416,概率与统计,统计,认识复式统计表的结构与用途,复式统计表的结构与用途,variant,zh,Grade 3 semester 2,直接对应本节点的范围。
SYN-0698,HKG-NODE-NODE-NODE-418,概率与统计,统计,根据统计数据绘制条形统计图,根据统计数据绘制条形统计图,canonical,zh,Grade 4 semester 1,根据给定数据作出条形统计图的技能节点。
SYN-0699,HKG-NODE-NODE-NODE-418,概率与统计,统计,根据统计数据绘制条形统计图,条形统计图的绘制,variant,zh,Grade 4 semester 1,偏书面化的技能名称。
SYN-0700,HKG-NODE-NODE-NODE-418,概率与统计,统计,根据统计数据绘制条形统计图,绘制条形统计图,variant,zh,Grade 4 semester 1,常见课堂任务表述。
SYN-0701,HKG-NODE-NODE-NODE-418,概率与统计,统计,根据统计数据绘制条形统计图,画条形统计图,variant,zh,Grade 4 semester 1,口语化说法，与“绘制条形统计图”同义。
SYN-0702,HKG-NODE-NODE-NODE-418,概率与统计,统计,根据统计数据绘制条形统计图,制作条形统计图,variant,zh,Grade 4 semester 1,部分教学场景中的同义表述，强调按数据完成图形表示。
SYN-0703,HKG-NODE-NODE-NODE-420,概率与统计,统计,求一组数据的平均数（算术平均数）,求一组数据的平均数（算术平均数）,canonical,zh,Grade 4 semester 2,节点规范名称，范围是对一组数据求算术平均数这一基础统计技能。
SYN-0705,HKG-NODE-NODE-NODE-420,概率与统计,统计,求一组数据的平均数（算术平均数）,算术平均数,variant,zh,Grade 4 semester 2,与本节点范围基本一致，但在更高学段也可作为一般统计量概念出现，不一定特指本学段的求法训练。
SYN-0707,HKG-NODE-NODE-NODE-420,概率与统计,统计,求一组数据的平均数（算术平均数）,求一组数据的平均数,variant,zh,Grade 4 semester 2,与本节点高度贴合，但仍可能被用于强调计算步骤的421。
SYN-0708,HKG-NODE-NODE-NODE-421,概率与统计,统计,计算一组数据的平均数（总量÷数据个数）,计算一组数据的平均数（总量÷数据个数）,canonical,zh,Grade 4 semester 2,节点规范名称，强调用“总量÷数据个数”计算一组数据的平均数。
SYN-0709,HKG-NODE-NODE-NODE-421,概率与统计,统计,计算一组数据的平均数（总量÷数据个数）,平均数的计算,variant,zh,Grade 4 semester 2,通常指平均数求法训练，与本节点一致；但在更广语境下也可能包含非本节点范围的平均量问题。
SYN-0712,HKG-NODE-NODE-NODE-421,概率与统计,统计,计算一组数据的平均数（总量÷数据个数）,算术平均数（初步）,textbook_phrase,zh,Grade 4 semester 2,可用来指向本学段对算术平均数求法的初步学习。
SYN-0713,HKG-NODE-NODE-NODE-421,概率与统计,统计,计算一组数据的平均数（总量÷数据个数）,总量÷数据个数,formula,symbolic,Grade 4 semester 2,本节点最核心的计算表达；更像方法提示而非独立概念名，但可稳定指向本节点范围。
SYN-0714,HKG-NODE-NODE-NODE-422,概率与统计,统计,条形统计图,条形统计图,canonical,zh,Grade 4 semester 2,节点规范名称，指统计中的条形统计图这一表示形式。
SYN-0715,HKG-NODE-NODE-NODE-422,概率与统计,统计,条形统计图,条形图,variant,zh,Grade 4 semester 2,小学统计语境中的常见简称，通常与“条形统计图”同指。
SYN-0716,HKG-NODE-NODE-NODE-422,概率与统计,统计,条形统计图,柱状图,variant,zh,Grade 4 semester 2,在中文使用中常与条形统计图混用；但在不同教材或软件语境下可能有术语差异。
SYN-0717,HKG-NODE-NODE-NODE-427,概率与统计,概率,用确定事件、不确定事件和不可能事件描述简单事件发生的情况,用确定事件、不确定事件和不可能事件描述简单事件发生的情况,canonical,zh,Grade 5 semester 1,节点规范名称，强调对简单事件发生情况进行定性分类。
SYN-0718,HKG-NODE-NODE-NODE-427,概率与统计,概率,用确定事件、不确定事件和不可能事件描述简单事件发生的情况,事件发生的确定性与不确定性,variant,zh,Grade 5 semester 1,可指向本节点的整体学习内容，但表述略宽，未显式包含“不可能事件”。
SYN-0720,HKG-NODE-NODE-NODE-427,概率与统计,概率,用确定事件、不确定事件和不可能事件描述简单事件发生的情况,判断事件是否一定发生、可能发生或不可能发生,textbook_phrase,zh,Grade 5 semester 1,与节点范围高度一致，是更口语化的能力表述。
SYN-0721,HKG-NODE-NODE-NODE-427,概率与统计,概率,用确定事件、不确定事件和不可能事件描述简单事件发生的情况,一定发生、可能发生或不可能发生,textbook_phrase,zh,Grade 5 semester 1,常作为事件分类的简写表达；需结合概率语境使用。
SYN-0722,HKG-NODE-NODE-NODE-428,概率与统计,概率,比较简单事件发生可能性的大小并进行定性排序,比较简单事件发生可能性的大小并进行定性排序,canonical,zh,Grade 5 semester 1,节点规范名称，强调对简单事件可能性进行定性比较与排序。
SYN-0723,HKG-NODE-NODE-NODE-428,概率与统计,概率,比较简单事件发生可能性的大小并进行定性排序,比较事件发生可能性的大小,variant,zh,Grade 5 semester 1,与本节点高度一致，但省略了“简单事件”和“定性排序”的限定。
SYN-0724,HKG-NODE-NODE-NODE-428,概率与统计,概率,比较简单事件发生可能性的大小并进行定性排序,可能性的大小比较,variant,zh,Grade 5 semester 1,常见简缩说法；需在概率单元上下文中理解为事件发生可能性的比较。
SYN-0725,HKG-NODE-NODE-NODE-428,概率与统计,概率,比较简单事件发生可能性的大小并进行定性排序,判断哪个事件更可能发生,textbook_phrase,zh,Grade 5 semester 1,贴合本节点的核心任务，是定性比较的口语化表述。
SYN-0726,HKG-NODE-NODE-NODE-428,概率与统计,概率,比较简单事件发生可能性的大小并进行定性排序,比较谁更可能发生,textbook_phrase,zh,Grade 5 semester 1,常见课堂说法，可映射到本节点。
SYN-0727,HKG-NODE-NODE-NODE-433,概率与统计,统计,折线统计图的识读与根据数据绘制简单折线统计图,折线统计图的识读与根据数据绘制简单折线统计图,canonical,zh,Grade 5 semester 2,节点规范名称，兼含读图与按数据绘制简单折线统计图两部分能力。
SYN-0729,HKG-NODE-NODE-NODE-433,概率与统计,统计,折线统计图的识读与根据数据绘制简单折线统计图,折线图（统计）,variant,zh,Grade 5 semester 2,用于避免与几何中的折线概念混淆；但仍可能仅指图类型本身。
SYN-0731,HKG-NODE-NODE-NODE-433,概率与统计,统计,折线统计图的识读与根据数据绘制简单折线统计图,折线统计图的识读与绘制,variant,zh,Grade 5 semester 2,与本节点范围基本一致，是对规范名称的压缩表达。
SYN-0732,HKG-NODE-NODE-NODE-434,概率与统计,统计,折线统计图,折线统计图,canonical,zh,Grade 5 semester 2,节点规范名称，表示统计中的折线统计图这一图表类型。
SYN-0733,HKG-NODE-NODE-NODE-434,概率与统计,统计,折线统计图,折线图（统计）,variant,zh,Grade 5 semester 2,用于限定为统计图表而非几何中的折线。
SYN-0734,HKG-NODE-NODE-NODE-434,概率与统计,统计,折线统计图,单式折线统计图,variant,zh,Grade 5 semester 2,小学教材中常见，但如果上下文强调识读或绘制能力，也可能指向433。
SYN-0736,HKG-NODE-NODE-NODE-435,概率与统计,统计,扇形统计图的认识与读取,扇形统计图的认识与读取,canonical,zh,Grade 6 semester 1,节点规范名称，强调识别、理解整体与部分关系并读取图中信息。
SYN-0738,HKG-NODE-NODE-NODE-435,概率与统计,统计,扇形统计图的认识与读取,圆形统计图,variant,zh,Grade 6 semester 1,常见别称，通常与扇形统计图同指；但也可能只是图类名称。
SYN-0739,HKG-NODE-NODE-NODE-435,概率与统计,统计,扇形统计图的认识与读取,认识并读取扇形统计图,variant,zh,Grade 6 semester 1,与本节点范围高度一致的能力表述。
SYN-0740,HKG-NODE-NODE-NODE-436,概率与统计,统计,扇形统计图,扇形统计图,canonical,zh,Grade 6 semester 1,节点规范名称，表示统计中的扇形统计图这一图表类型。
SYN-0741,HKG-NODE-NODE-NODE-436,概率与统计,统计,扇形统计图,饼图,variant,zh,Grade 6 semester 1,常见别称，通常与扇形统计图同指；若上下文强调读图能力，也可能落到435。
SYN-0742,HKG-NODE-NODE-NODE-436,概率与统计,统计,扇形统计图,圆形统计图,variant,zh,Grade 6 semester 1,教材和教学中可能作为同义称呼使用。
SYN-0744,HKG-NODE-NODE-NODE-437,概率与统计,统计,根据数据特点和表达目的选择合适的统计图,根据数据特点和表达目的选择合适的统计图,canonical,zh,Grade 6 semester 1,节点规范名称，强调在已学统计图之间进行匹配和选用。
SYN-0745,HKG-NODE-NODE-NODE-437,概率与统计,统计,根据数据特点和表达目的选择合适的统计图,选择合适的统计图,variant,zh,Grade 6 semester 1,与本节点高度一致，是常见简化说法。
SYN-0746,HKG-NODE-NODE-NODE-437,概率与统计,统计,根据数据特点和表达目的选择合适的统计图,根据需要选择统计图,variant,zh,Grade 6 semester 1,强调表达目的导向，与本节点一致。
SYN-0747,HKG-NODE-NODE-NODE-437,概率与统计,统计,根据数据特点和表达目的选择合适的统计图,按数据特点选用统计图,variant,zh,Grade 6 semester 1,强调依据数据特点进行选择，是本节点的一种常见转述。
SYN-0748,HKG-NODE-NODE-NODE-437,概率与统计,统计,根据数据特点和表达目的选择合适的统计图,统计图的合理选用,variant,zh,Grade 6 semester 1,概括性较强，可指向本节点的应用能力。
SYN-0749,HKG-NODE-NODE-NODE-437,概率与统计,统计,根据数据特点和表达目的选择合适的统计图,选用合适的统计图,variant,zh,Grade 6 semester 1,与规范名称等值的简练表达。
SYN-0750,HKG-NODE-NODE-NODE-438,概率与统计,统计,根据数据特点与表达目的选择合适的统计图,根据数据特点与表达目的选择合适的统计图,canonical,zh,Grade 6 semester 1,节点规范名；强调在已学常见统计图之间按数据特点和表达目的进行选图。
SYN-0751,HKG-NODE-NODE-NODE-438,概率与统计,统计,根据数据特点与表达目的选择合适的统计图,选择合适的统计图,variant,zh,Grade 6 semester 1,常见简称；与本节点同指“选图”方法性知识，不指某一种统计图的具体画法。
SYN-0752,HKG-NODE-NODE-NODE-438,概率与统计,统计,根据数据特点与表达目的选择合适的统计图,根据数据选择统计图,variant,zh,Grade 6 semester 1,突出依据数据特征选图；若脱离“表达目的”语境，范围可能略窄。
SYN-0753,HKG-NODE-NODE-NODE-438,概率与统计,统计,根据数据特点与表达目的选择合适的统计图,按统计目的选择统计图,variant,zh,Grade 6 semester 1,突出依据表达目的选图；若脱离“数据特点”语境，范围可能略窄，但通常仍指同一教学内容。
SYN-0754,HKG-NODE-NODE-NODE-438,概率与统计,统计,根据数据特点与表达目的选择合适的统计图,统计图的合理选择,variant,zh,Grade 6 semester 1,方法性表述；可能与更高层的统计图应用能力重叠，需在关系层区分。
SYN-0755,HKG-NODE-NODE-NODE-438,概率与统计,统计,根据数据特点与表达目的选择合适的统计图,选择统计图,variant,zh,Grade 6 semester 1,高度简略表述；常在练习标题中出现，但也可能泛指任何统计图相关任务，存在歧义。
SYN-0756,HKG-NODE-NODE-NODE-448,概率与统计,统计,一组数据的中位数的确定与意义,一组数据的中位数的确定与意义,canonical,zh,Grade 8 semester 2,节点规范名；包含排序后确定中位数以及理解其集中趋势意义。
SYN-0757,HKG-NODE-NODE-NODE-448,概率与统计,统计,一组数据的中位数的确定与意义,中位数,variant,zh,Grade 8 semester 2,最常见简称；单独出现时也可能指概念定义、计算或应用的统称，此处按本节点收录。
SYN-0758,HKG-NODE-NODE-NODE-448,概率与统计,统计,一组数据的中位数的确定与意义,数据的中位数,variant,zh,Grade 8 semester 2,常见教材/教学表述；通常指一组数据的中位数。
SYN-0759,HKG-NODE-NODE-NODE-448,概率与统计,统计,一组数据的中位数的确定与意义,求中位数,variant,zh,Grade 8 semester 2,偏操作性表述；主要覆盖“确定中位数”，未完整体现“意义”，但在初中统计任务中常与本节点同域。
SYN-0760,HKG-NODE-NODE-NODE-448,概率与统计,统计,一组数据的中位数的确定与意义,确定一组数据的中位数,variant,zh,Grade 8 semester 2,直接对应排序后找中位数的操作范围。
SYN-0761,HKG-NODE-NODE-NODE-449,概率与统计,统计,一组数据的众数的确定与意义,一组数据的众数的确定与意义,canonical,zh,Grade 8 semester 2,节点规范名；包含识别出现次数最多的数据及理解其集中趋势意义。
SYN-0762,HKG-NODE-NODE-NODE-449,概率与统计,统计,一组数据的众数的确定与意义,众数,variant,zh,Grade 8 semester 2,最常见简称；单独出现时也可能指概念、求法与应用的统称，此处按本节点收录。
SYN-0763,HKG-NODE-NODE-NODE-449,概率与统计,统计,一组数据的众数的确定与意义,数据的众数,variant,zh,Grade 8 semester 2,常见教学表述；通常指一组数据中的众数。
SYN-0764,HKG-NODE-NODE-NODE-449,概率与统计,统计,一组数据的众数的确定与意义,求众数,variant,zh,Grade 8 semester 2,偏操作性表述；主要覆盖“确定众数”，未完整体现“意义”。
SYN-0765,HKG-NODE-NODE-NODE-449,概率与统计,统计,一组数据的众数的确定与意义,确定一组数据的众数,variant,zh,Grade 8 semester 2,直接对应识别出现次数最多的数据这一操作。
SYN-0766,HKG-NODE-NODE-NODE-452,概率与统计,概率,用列举法求简单随机事件的概率,用列举法求简单随机事件的概率,canonical,zh,Grade 9 semester 1,节点规范名；强调在等可能结果可枚举的情境中列出所有结果后求概率。
SYN-0767,HKG-NODE-NODE-NODE-452,概率与统计,概率,用列举法求简单随机事件的概率,列举法求概率,variant,zh,Grade 9 semester 1,常见简称；通常默认简单、等可能、可枚举情境。
SYN-0768,HKG-NODE-NODE-NODE-452,概率与统计,概率,用列举法求简单随机事件的概率,枚举法求概率,variant,zh,Grade 9 semester 1,“列举法”的同义变体；在部分教学语境中可互换。
SYN-0769,HKG-NODE-NODE-NODE-452,概率与统计,概率,用列举法求简单随机事件的概率,用列举法计算概率,variant,zh,Grade 9 semester 1,同域表述；“计算”比“求”更偏结果导向，但通常指同一方法。
SYN-0770,HKG-NODE-NODE-NODE-452,概率与统计,概率,用列举法求简单随机事件的概率,列举所有可能结果求概率,variant,zh,Grade 9 semester 1,过程性表述；准确体现先枚举再按概率公式求值。
SYN-0771,HKG-NODE-NODE-NODE-452,概率与统计,概率,用列举法求简单随机事件的概率,用枚举法求简单事件的概率,variant,zh,Grade 9 semester 1,“随机事件”简化为“事件/简单事件”的变体；通常仍指本节点。
SYN-0772,HKG-NODE-NODE-NODE-453,概率与统计,概率,用频率估计随机事件的概率,用频率估计随机事件的概率,canonical,zh,Grade 9 semester 1,节点规范名；强调通过重复试验的频率稳定值对概率作估计。
SYN-0773,HKG-NODE-NODE-NODE-453,概率与统计,概率,用频率估计随机事件的概率,频率估计概率,variant,zh,Grade 9 semester 1,常见简称；突出以频率近似概率的思想。
SYN-0774,HKG-NODE-NODE-NODE-453,概率与统计,概率,用频率估计随机事件的概率,用频率估计概率,variant,zh,Grade 9 semester 1,与规范名基本等同，只省略“随机事件”。
SYN-0775,HKG-NODE-NODE-NODE-453,概率与统计,概率,用频率估计随机事件的概率,通过频率估计概率,variant,zh,Grade 9 semester 1,同域变体；强调估计过程。
SYN-0776,HKG-NODE-NODE-NODE-453,概率与统计,概率,用频率估计随机事件的概率,用频率去估计概率,variant,zh,Grade 9 semester 1,口语化教学表述；与本节点同义。
SYN-0777,HKG-NODE-NODE-NODE-453,概率与统计,概率,用频率估计随机事件的概率,实验估计概率,variant,zh,Grade 9 semester 1,常用于强调通过重复试验获得频率后估计概率；但也可能泛指更广的实验法。
SYN-0778,HKG-NODE-NODE-20-03,算数,基础运算,20以内进位加法,20以内进位加法,canonical,zh,Grade 1 semester 1,节点规范名；指和在20以内且计算过程中需要进位的加法。
SYN-0779,HKG-NODE-NODE-20-03,算数,基础运算,20以内进位加法,二十以内进位加法,variant,zh,Grade 1 semester 1,汉字数字写法，与规范名同义。
SYN-0780,HKG-NODE-NODE-20-03,算数,基础运算,20以内进位加法,20以内的进位加法,variant,zh,Grade 1 semester 1,常见语序变体。
SYN-0781,HKG-NODE-NODE-20-03,算数,基础运算,20以内进位加法,二十以内的进位加法,variant,zh,Grade 1 semester 1,汉字数字加“的”字结构变体。
SYN-0782,HKG-NODE-NODE-20-03,算数,基础运算,20以内进位加法,20以内加法进位,variant,zh,Grade 1 semester 1,倒装式简略表述；在教辅中可能出现。
SYN-0783,HKG-NODE-NODE-20-04,算数,基础运算,20以内不退位减法,20以内不退位减法,canonical,zh,Grade 1 semester 1,节点规范名；指被减数与减数在20以内且计算中不需要退位。
SYN-0784,HKG-NODE-NODE-20-04,算数,基础运算,20以内不退位减法,二十以内不退位减法,variant,zh,Grade 1 semester 1,汉字数字写法，与规范名同义。
SYN-0785,HKG-NODE-NODE-20-04,算数,基础运算,20以内不退位减法,20以内的不退位减法,variant,zh,Grade 1 semester 1,常见语序变体。
SYN-0786,HKG-NODE-NODE-20-04,算数,基础运算,20以内不退位减法,二十以内的不退位减法,variant,zh,Grade 1 semester 1,汉字数字加“的”字结构变体。
SYN-0787,HKG-NODE-NODE-20-04,算数,基础运算,20以内不退位减法,20以内减法不退位,variant,zh,Grade 1 semester 1,倒装式简略表述；多见于练习分类。
SYN-0788,HKG-NODE-NODE-100-04,算数,基础运算,100以内不进位加法,100以内不进位加法,canonical,zh,Grade 1 semester 2,节点规范名；限100以内整数加法且各数位相加不产生进位。
SYN-0789,HKG-NODE-NODE-100-04,算数,基础运算,100以内不进位加法,一百以内不进位加法,variant,zh,Grade 1 semester 2,汉字数字写法，与规范名同义。
SYN-0790,HKG-NODE-NODE-100-04,算数,基础运算,100以内不进位加法,两位数不进位加法,variant,zh,Grade 1 semester 2,常见近义表述；通常与100以内不进位加法对应，但是否完全覆盖含一位数参与的情形需注意。
SYN-0791,HKG-NODE-NODE-100-04,算数,基础运算,100以内不进位加法,100以内的不进位加法,variant,zh,Grade 1 semester 2,常见语序变体。
SYN-0792,HKG-NODE-NODE-100-04,算数,基础运算,100以内不进位加法,一百以内的不进位加法,variant,zh,Grade 1 semester 2,汉字数字加“的”字结构变体。
SYN-0793,HKG-NODE-NODE-100-09,算数,基础运算,100以内不进位加法与不退位减法的综合应用,100以内不进位加法与不退位减法的综合应用,canonical,zh,Grade 1 semester 2,节点规范名；为兼容旧图谱保留的合并型节点，表示两类运算的综合运用。
SYN-0794,HKG-NODE-NODE-100-09,算数,基础运算,100以内不进位加法与不退位减法的综合应用,一百以内数的不进位不退位加减法,variant,zh,Grade 1 semester 2,原有合并表述；范围覆盖100以内不进位加法和不退位减法。
SYN-0795,HKG-NODE-NODE-100-09,算数,基础运算,100以内不进位加法与不退位减法的综合应用,100以内不进位不退位的加减法,variant,zh,Grade 1 semester 2,原有合并表述的阿拉伯数字写法。
SYN-0796,HKG-NODE-NODE-100-09,算数,基础运算,100以内不进位加法与不退位减法的综合应用,100以内不进位、不退位加减法,variant,zh,Grade 1 semester 2,加顿号的标点变体；意义相同。
SYN-0797,HKG-NODE-NODE-100-09,算数,基础运算,100以内不进位加法与不退位减法的综合应用,100以内不进位加法和不退位减法,variant,zh,Grade 1 semester 2,并列表述；若用于分别教学两个细节点时也可能不指“综合应用”，存在粒度歧义。
SYN-0798,HKG-NODE-NODE-100-12,算数,基础运算,100以内进位加法,100以内进位加法,canonical,zh,Grade 2 semester 1,节点规范名；限100以内整数加法，重点是个位相加满十向十位进1。
SYN-0799,HKG-NODE-NODE-100-12,算数,基础运算,100以内进位加法,一百以内进位加法,variant,zh,Grade 2 semester 1,汉字数字写法，与规范名同义。
SYN-0800,HKG-NODE-NODE-100-12,算数,基础运算,100以内进位加法,两位数进位加法,variant,zh,Grade 2 semester 1,常见近义表述；通常与100以内进位加法对应，但有时范围仅限两个两位数相加。
SYN-0801,HKG-NODE-NODE-100-12,算数,基础运算,100以内进位加法,100以内的进位加法,variant,zh,Grade 2 semester 1,常见语序变体。
SYN-0802,HKG-NODE-NODE-100-12,算数,基础运算,100以内进位加法,一百以内的进位加法,variant,zh,Grade 2 semester 1,汉字数字加“的”字结构变体。
SYN-0803,HKG-NODE-NODE-100-13,算数,基础运算,100以内退位减法,100以内退位减法,canonical,zh,Grade 2 semester 1,节点规范名称。范围限于100以内整数减法中个位不够减、需要从十位退1的计算。
SYN-0804,HKG-NODE-NODE-100-13,算数,基础运算,100以内退位减法,一百以内退位减法,variant,zh,Grade 2 semester 1,与“100以内退位减法”同义的汉字数字写法。
SYN-0805,HKG-NODE-NODE-100-13,算数,基础运算,100以内退位减法,两位数退位减法,variant,zh,Grade 2 semester 1,常见教材或教学用语，但外延可能略宽于“100以内”，如是否含整十数边界需依教材判定；在当前节点中按100以内语境使用。
SYN-0807,HKG-NODE-NODE-NODE-459,算数,基础运算,表内乘法,表内乘法,canonical,zh,Grade 2 semester 1,节点规范名称。按当前范围指乘法口诀表范围内的乘法计算。
SYN-0808,HKG-NODE-NODE-NODE-459,算数,基础运算,表内乘法,乘法口诀,variant,zh,Grade 2 semester 1,教材中常用相关表述，但既可能指口诀记忆本身，也可能指依据口诀进行计算；此处仅在“表内乘法计算”语境下对应本节点。
SYN-0809,HKG-NODE-NODE-NODE-459,算数,基础运算,表内乘法,口诀乘法,variant,zh,Grade 2 semester 1,强调借助乘法口诀进行求积的计算活动。
SYN-0810,HKG-NODE-NODE-NODE-459,算数,基础运算,表内乘法,表内乘法计算,textbook_phrase,zh,Grade 2 semester 1,比“表内乘法”更明确地限定为计算层面，不自动包含乘法意义建模等子技能。
SYN-0812,HKG-NODE-NODE-NODE-460,算数,基础运算,表内乘法（乘法口诀范围内的乘法计算）,表内乘法（乘法口诀范围内的乘法计算）,canonical,zh,Grade 2 semester 1,节点规范名称。比简称更明确地限定在乘法口诀表范围内的乘法事实与计算。
SYN-0813,HKG-NODE-NODE-NODE-460,算数,基础运算,表内乘法（乘法口诀范围内的乘法计算）,乘法口诀范围内的乘法,variant,zh,Grade 2 semester 1,直接对应范围描述，强调不外推到一般乘法体系。
SYN-0814,HKG-NODE-NODE-NODE-460,算数,基础运算,表内乘法（乘法口诀范围内的乘法计算）,表内乘法计算,textbook_phrase,zh,Grade 2 semester 1,与节点范围基本一致，但也可用于HKG-NODE-NODE-NODE-459，存在近重复节点歧义。
SYN-0815,HKG-NODE-NODE-NODE-460,算数,基础运算,表内乘法（乘法口诀范围内的乘法计算）,九九乘法范围内的乘法,variant,zh,Grade 2 semester 1,口语化范围表达，通常对应表内乘法事实计算。
SYN-0816,HKG-NODE-NODE-NODE-460,算数,基础运算,表内乘法（乘法口诀范围内的乘法计算）,表内乘法,variant,zh,Grade 2 semester 1,常用简称，但与节点459的规范名完全同形，属于近重复节点间的歧义表面形式。
SYN-0817,HKG-NODE-NODE-NODE-461,算数,基础运算,表内除法,表内除法,canonical,zh,Grade 2 semester 2,节点规范名称。指基于乘法口诀范围内的除法计算与直接应用。
SYN-0818,HKG-NODE-NODE-NODE-461,算数,基础运算,表内除法,口诀除法,variant,zh,Grade 2 semester 2,强调借助乘法口诀求商的除法计算。
SYN-0819,HKG-NODE-NODE-NODE-461,算数,基础运算,表内除法,乘法口诀求商,textbook_phrase,zh,Grade 2 semester 2,聚焦用口诀进行整除求商，适合该节点范围。
SYN-0820,HKG-NODE-NODE-NODE-461,算数,基础运算,表内除法,表内除法计算,textbook_phrase,zh,Grade 2 semester 2,明确为计算层面的表内除法。
SYN-0821,HKG-NODE-NODE-NODE-462,算数,基础运算,有余数的除法,有余数的除法,canonical,zh,Grade 2 semester 2,节点规范名称。指不能正好分完时，用商和余数表示结果的基础内容。
SYN-0822,HKG-NODE-NODE-NODE-462,算数,基础运算,有余数的除法,除法有余数,variant,zh,Grade 2 semester 2,口语化倒装表达，通常指同一内容。
SYN-0823,HKG-NODE-NODE-NODE-462,算数,基础运算,有余数的除法,带余数的除法,variant,zh,Grade 2 semester 2,常见等义说法。
SYN-0824,HKG-NODE-NODE-NODE-462,算数,基础运算,有余数的除法,有余数除法,variant,zh,Grade 2 semester 2,省略“的”的简写形式，语义通常不变。
SYN-0825,HKG-NODE-NODE-NODE-469,量与计量,质量单位,认识质量单位克与千克,认识质量单位克与千克,canonical,zh,Grade 2 semester 2,节点规范名称。范围聚焦克、千克两个质量单位的初步认识。
SYN-0826,HKG-NODE-NODE-NODE-469,量与计量,质量单位,认识质量单位克与千克,克和千克的认识,variant,zh,Grade 2 semester 2,常见同义表达，省略“质量单位”字样。
SYN-0827,HKG-NODE-NODE-NODE-469,量与计量,质量单位,认识质量单位克与千克,认识克和千克,variant,zh,Grade 2 semester 2,更口语化的表述，仍指对两个单位的初步认识。
SYN-0828,HKG-NODE-NODE-NODE-469,量与计量,质量单位,认识质量单位克与千克,认识质量单位克和千克,variant,zh,Grade 2 semester 2,与规范名仅连接词不同，属等义变体。
SYN-0829,HKG-NODE-NODE-NODE-469,量与计量,质量单位,认识质量单位克与千克,克与千克的初步认识,textbook_phrase,zh,Grade 2 semester 2,强调启蒙层面的认识，不自动扩展到单位换算或复杂计算。
SYN-0831,HKG-NODE-NODE-NODE-472,算数,基础运算,万以内的加减法,万以内的加减法,canonical,zh,Grade 3 semester 1,节点规范名称。指数值范围在万以内的整数加减运算主题。
SYN-0832,HKG-NODE-NODE-NODE-472,算数,基础运算,万以内的加减法,万以内加减法,variant,zh,Grade 3 semester 1,省略“的”的常见等义写法。
SYN-0833,HKG-NODE-NODE-NODE-472,算数,基础运算,万以内的加减法,10000以内的加减法,variant,zh,Grade 3 semester 1,阿拉伯数字写法，范围与“万以内”一致。
SYN-0834,HKG-NODE-NODE-NODE-472,算数,基础运算,万以内的加减法,万以内数的加减法,variant,zh,Grade 3 semester 1,常见扩展表述，仍指同一数值范围内的加减运算。
SYN-0835,HKG-NODE-NODE-NODE-475,算数,基础运算,时、分、秒之间的单位换算,时、分、秒之间的单位换算,canonical,zh,Grade 3 semester 1,节点规范名称。聚焦时、分、秒之间的简单单位换算关系及直接应用。
SYN-0836,HKG-NODE-NODE-NODE-475,算数,基础运算,时、分、秒之间的单位换算,时间单位换算,variant,zh,Grade 3 semester 1,在当前年级语境下通常指时分秒换算，但该表述也可能泛指年月日等其他时间单位。
SYN-0837,HKG-NODE-NODE-NODE-475,算数,基础运算,时、分、秒之间的单位换算,时分秒换算,variant,zh,Grade 3 semester 1,简洁常用说法，和该节点范围一致。
SYN-0838,HKG-NODE-NODE-NODE-475,算数,基础运算,时、分、秒之间的单位换算,时、分、秒的单位换算,textbook_phrase,zh,Grade 3 semester 1,与规范名基本同义，仅措辞不同。
SYN-0839,HKG-NODE-NODE-NODE-475,算数,基础运算,时、分、秒之间的单位换算,1时=60分，1分=60秒,formula,symbolic,Grade 3 semester 1,该节点核心换算关系的公式化表达，可作为知识点表面形式之一。
SYN-0840,HKG-NODE-NODE-NODE-477,算数,基础运算,时、分、秒之间的单位换算与简单时间计算,时、分、秒之间的单位换算与简单时间计算,canonical,zh,Grade 3 semester 1,节点规范名称。范围比纯换算更宽，包含时分秒层面的简单计算。
SYN-0841,HKG-NODE-NODE-NODE-477,算数,基础运算,时、分、秒之间的单位换算与简单时间计算,时分秒的计算,variant,zh,Grade 3 semester 1,常见主题表达，通常包含换算与简单加减计算；但边界可能随教材而变。
SYN-0842,HKG-NODE-NODE-NODE-477,算数,基础运算,时、分、秒之间的单位换算与简单时间计算,时、分、秒的换算与计算,textbook_phrase,zh,Grade 3 semester 1,较完整地表达本节点范围：既有换算，也有简单计算。
SYN-0843,HKG-NODE-NODE-NODE-477,算数,基础运算,时、分、秒之间的单位换算与简单时间计算,时间单位计算（时分秒）,variant,zh,Grade 3 semester 1,限定在时分秒层面的时间单位计算。
SYN-0844,HKG-NODE-NODE-NODE-477,算数,基础运算,时、分、秒之间的单位换算与简单时间计算,时、分、秒的计算,textbook_phrase,zh,Grade 3 semester 1,与来源题名高度接近的概括表述，但可能既指换算也指计算，不是纯换算节点专属。
SYN-0845,HKG-NODE-NODE-NODE-479,算数,基础运算,倍的概念：理解一个数是另一个数的几倍,倍的概念：理解一个数是另一个数的几倍,canonical,zh,Grade 3 semester 1,节点规范名称。聚焦两数之间“几倍”关系的理解与表述。
SYN-0846,HKG-NODE-NODE-NODE-479,算数,基础运算,倍的概念：理解一个数是另一个数的几倍,倍的认识,variant,zh,Grade 3 semester 1,常见教材名称，但有时还可能包含画图、应用题等更广内容；此处按概念认识使用。
SYN-0847,HKG-NODE-NODE-NODE-479,算数,基础运算,倍的概念：理解一个数是另一个数的几倍,几倍关系的理解,variant,zh,Grade 3 semester 1,强调两数之间倍数关系的概念性理解。
SYN-0848,HKG-NODE-NODE-NODE-479,算数,基础运算,倍的概念：理解一个数是另一个数的几倍,一个数是另一个数的几倍,textbook_phrase,zh,Grade 3 semester 1,直接对应该节点核心问题表述。
SYN-0849,HKG-NODE-NODE-NODE-479,算数,基础运算,倍的概念：理解一个数是另一个数的几倍,求一个数是另一个数的几倍,variant,zh,Grade 3 semester 1,若用于基础概念题，通常落在本节点；但也可能被用于应用题技能节点。
SYN-0850,HKG-NODE-NODE-NODE-480,算数,基础运算,求一个数是另一个数的几倍的基础计算,求一个数是另一个数的几倍的基础计算,canonical,zh,Grade 3 semester 1,规范化节点名，限定为用除法求两数之间倍数关系的基础计算。
SYN-0851,HKG-NODE-NODE-NODE-480,算数,基础运算,求一个数是另一个数的几倍的基础计算,求一个数是另一个数的几倍,variant,zh,Grade 3 semester 1,常见教材式说法；与本节点同 scope，但在部分语境中也可能连带应用题情境。
SYN-0852,HKG-NODE-NODE-NODE-480,算数,基础运算,求一个数是另一个数的几倍的基础计算,求几倍,variant,zh,Grade 3 semester 1,高度简写，通常指求一个量是另一个量的几倍；也可能与“求一个数的几倍是多少”混淆，需结合上下文区分。
SYN-0853,HKG-NODE-NODE-NODE-480,算数,基础运算,求一个数是另一个数的几倍的基础计算,倍关系的基础计算,variant,zh,Grade 3 semester 1,概括性表述，适合指向基础倍数关系求解。
SYN-0854,HKG-NODE-NODE-NODE-480,算数,基础运算,求一个数是另一个数的几倍的基础计算,求倍数关系,variant,zh,Grade 3 semester 1,课堂中可能出现的简化说法，强调比较两个数的倍数关系。
SYN-0856,HKG-NODE-NODE-NODE-488,算数,基础运算,多位数乘一位数,多位数乘一位数,canonical,zh,Grade 3 semester 1,规范化节点名，表示整数范围内多位数与一位数相乘的主题级知识点。
SYN-0857,HKG-NODE-NODE-NODE-488,算数,基础运算,多位数乘一位数,多位数乘1位数,notation,mixed,Grade 3 semester 1,阿拉伯数字写法的常见变体。
SYN-0858,HKG-NODE-NODE-NODE-488,算数,基础运算,多位数乘一位数,多位数乘单个数字,variant,zh,Grade 3 semester 1,口语化改写；通常仍指一位整数作乘数。
SYN-0859,HKG-NODE-NODE-NODE-488,算数,基础运算,多位数乘一位数,多位数乘以一位数,variant,zh,Grade 3 semester 1,与 canonical 等义，但与更细的“笔算与口算”节点 HKG-NODE-NODE-NODE-489 高度重合。
SYN-0860,HKG-NODE-NODE-NODE-488,算数,基础运算,多位数乘一位数,一位数乘多位数,variant,zh,Grade 3 semester 1,交换叙述顺序后通常仍指同一乘法主题。
SYN-0861,HKG-NODE-NODE-NODE-488,算数,基础运算,多位数乘一位数,多位数×一位数,formula,symbolic,Grade 3 semester 1,符号化写法，指该乘法类型。
SYN-0862,HKG-NODE-NODE-NODE-489,算数,基础运算,多位数乘一位数的笔算与口算,多位数乘一位数的笔算与口算,canonical,zh,Grade 3 semester 1,规范化节点名，强调该主题下的计算方式为口算与笔算。
SYN-0863,HKG-NODE-NODE-NODE-489,算数,基础运算,多位数乘一位数的笔算与口算,多位数乘以一位数,variant,zh,Grade 3 semester 1,常见表述；在未指明算法时既可能指总括主题节点 HKG-NODE-NODE-NODE-488，也可能指本计算节点。
SYN-0864,HKG-NODE-NODE-NODE-489,算数,基础运算,多位数乘一位数的笔算与口算,一位数乘多位数,variant,zh,Grade 3 semester 1,顺序变体；若用于课堂计算内容，通常与本节点相通。
SYN-0865,HKG-NODE-NODE-NODE-489,算数,基础运算,多位数乘一位数的笔算与口算,多位数乘一位数计算,variant,zh,Grade 3 semester 1,强调执行计算；较适合本节点。
SYN-0866,HKG-NODE-NODE-NODE-489,算数,基础运算,多位数乘一位数的笔算与口算,多位数乘一位数的计算,variant,zh,Grade 3 semester 1,常规改写，仍指该计算技能。
SYN-0867,HKG-NODE-NODE-NODE-489,算数,基础运算,多位数乘一位数的笔算与口算,笔算和口算多位数乘一位数,variant,zh,Grade 3 semester 1,语序调整后的同义表达。
SYN-0868,HKG-NODE-NODE-NODE-498,算数,分数加减法,计算同分母分数加法并理解只对分子相加、分母不变的直观理由,计算同分母分数加法并理解只对分子相加、分母不变的直观理由,canonical,zh,Grade 3 semester 1,规范化节点名，包含计算规则与初步算理理解。
SYN-0869,HKG-NODE-NODE-NODE-498,算数,分数加减法,计算同分母分数加法并理解只对分子相加、分母不变的直观理由,同分母分数加法,variant,zh,Grade 3 semester 1,最常见的主题名称。
SYN-0870,HKG-NODE-NODE-NODE-498,算数,分数加减法,计算同分母分数加法并理解只对分子相加、分母不变的直观理由,同分母分数相加,variant,zh,Grade 3 semester 1,运算动作式表达。
SYN-0871,HKG-NODE-NODE-NODE-498,算数,分数加减法,计算同分母分数加法并理解只对分子相加、分母不变的直观理由,分母不变的分数加法,variant,zh,Grade 3 semester 1,突出规则特征；通常指同分母分数加法。
SYN-0872,HKG-NODE-NODE-NODE-498,算数,分数加减法,计算同分母分数加法并理解只对分子相加、分母不变的直观理由,同分母分数的加法,variant,zh,Grade 3 semester 1,常见改写。
SYN-0873,HKG-NODE-NODE-NODE-498,算数,分数加减法,计算同分母分数加法并理解只对分子相加、分母不变的直观理由,同分母分数加法计算,variant,zh,Grade 3 semester 1,强调计算任务。
SYN-0874,HKG-NODE-NODE-NODE-499,算数,分数加减法,计算同分母分数减法并理解只对分子相减、分母不变的直观理由,计算同分母分数减法并理解只对分子相减、分母不变的直观理由,canonical,zh,Grade 3 semester 1,规范化节点名，包含计算规则与初步算理理解。
SYN-0875,HKG-NODE-NODE-NODE-499,算数,分数加减法,计算同分母分数减法并理解只对分子相减、分母不变的直观理由,同分母分数减法,variant,zh,Grade 3 semester 1,最常见的主题名称。
SYN-0876,HKG-NODE-NODE-NODE-499,算数,分数加减法,计算同分母分数减法并理解只对分子相减、分母不变的直观理由,同分母分数相减,variant,zh,Grade 3 semester 1,运算动作式表达。
SYN-0877,HKG-NODE-NODE-NODE-499,算数,分数加减法,计算同分母分数减法并理解只对分子相减、分母不变的直观理由,分母不变的分数减法,variant,zh,Grade 3 semester 1,突出规则特征；通常指同分母分数减法。
SYN-0878,HKG-NODE-NODE-NODE-499,算数,分数加减法,计算同分母分数减法并理解只对分子相减、分母不变的直观理由,同分母分数的减法,variant,zh,Grade 3 semester 1,常见改写。
SYN-0879,HKG-NODE-NODE-NODE-499,算数,分数加减法,计算同分母分数减法并理解只对分子相减、分母不变的直观理由,同分母分数减法计算,variant,zh,Grade 3 semester 1,强调计算任务。
SYN-0880,HKG-NODE-NODE-NODE-507,算数,基础运算,除数是一位数的除法,除数是一位数的除法,canonical,zh,Grade 3 semester 2,规范化节点名，表示除数为一位整数的除法主题。
SYN-0881,HKG-NODE-NODE-NODE-507,算数,基础运算,除数是一位数的除法,一位数除法,variant,zh,Grade 3 semester 2,简写形式，通常指除数是一位数。
SYN-0882,HKG-NODE-NODE-NODE-507,算数,基础运算,除数是一位数的除法,除数为一位数的除法,variant,zh,Grade 3 semester 2,与 canonical 等义。
SYN-0883,HKG-NODE-NODE-NODE-507,算数,基础运算,除数是一位数的除法,被除数是多位数、除数是一位数的除法,variant,zh,Grade 3 semester 2,常见教学情境下的更具体描述，通常落在本主题内。
SYN-0884,HKG-NODE-NODE-NODE-507,算数,基础运算,除数是一位数的除法,一位数作除数的除法,variant,zh,Grade 3 semester 2,语序变化的同义表达。
SYN-0885,HKG-NODE-NODE-NODE-510,算数,基础运算,两位数乘两位数（整数乘法）,两位数乘两位数（整数乘法）,canonical,zh,Grade 3 semester 2,规范化节点名，表示两个两位整数相乘的主题级知识点。
SYN-0886,HKG-NODE-NODE-NODE-510,算数,基础运算,两位数乘两位数（整数乘法）,两位数乘两位数,variant,zh,Grade 3 semester 2,最常见表述。
SYN-0887,HKG-NODE-NODE-NODE-510,算数,基础运算,两位数乘两位数（整数乘法）,两位数与两位数相乘,variant,zh,Grade 3 semester 2,自然语言改写。
SYN-0888,HKG-NODE-NODE-NODE-510,算数,基础运算,两位数乘两位数（整数乘法）,两位数乘以两位数,variant,zh,Grade 3 semester 2,常见改写。
SYN-0889,HKG-NODE-NODE-NODE-510,算数,基础运算,两位数乘两位数（整数乘法）,两位数×两位数,formula,symbolic,Grade 3 semester 2,符号化写法。
SYN-0890,HKG-NODE-NODE-NODE-510,算数,基础运算,两位数乘两位数（整数乘法）,2位数乘2位数,notation,mixed,Grade 3 semester 2,数字化简写。
SYN-0891,HKG-NODE-NODE-NODE-510,算数,基础运算,两位数乘两位数（整数乘法）,两位数乘两位数的乘法,variant,zh,Grade 3 semester 2,略冗余但同义。
SYN-0892,HKG-NODE-NODE-NODE-511,算数,基础运算,两位数乘两位数的整数乘法计算,两位数乘两位数的整数乘法计算,canonical,zh,Grade 3 semester 2,规范化节点名，强调计算执行层面。
SYN-0893,HKG-NODE-NODE-NODE-511,算数,基础运算,两位数乘两位数的整数乘法计算,两位数与两位数相乘,variant,zh,Grade 3 semester 2,常见表述；但与总括主题节点 HKG-NODE-NODE-NODE-510 高度重合。
SYN-0894,HKG-NODE-NODE-NODE-511,算数,基础运算,两位数乘两位数的整数乘法计算,两位数乘两位数计算,variant,zh,Grade 3 semester 2,较贴近本节点的“计算”取向。
SYN-0895,HKG-NODE-NODE-NODE-511,算数,基础运算,两位数乘两位数的整数乘法计算,两位数乘两位数的计算,variant,zh,Grade 3 semester 2,常规改写，强调算法或求值。
SYN-0896,HKG-NODE-NODE-NODE-511,算数,基础运算,两位数乘两位数的整数乘法计算,两位数乘以两位数计算,variant,zh,Grade 3 semester 2,语序变化的同义表达。
SYN-0897,HKG-NODE-NODE-NODE-511,算数,基础运算,两位数乘两位数的整数乘法计算,两位数×两位数计算,formula,symbolic,Grade 3 semester 2,符号化并带“计算”限定。
SYN-0898,HKG-NODE-NODE-NODE-521,算数,整数读数,大整数的读法（数范围未指明）,大整数的读法（数范围未指明）,canonical,zh,Grade 4 semester 1,规范化节点名，保留来源中数范围不明确的信息。
SYN-0899,HKG-NODE-NODE-NODE-521,算数,整数读数,大整数的读法（数范围未指明）,大数的读法,variant,zh,Grade 4 semester 1,最直接的标题式表达。
SYN-0900,HKG-NODE-NODE-NODE-521,算数,整数读数,大整数的读法（数范围未指明）,读大数,variant,zh,Grade 4 semester 1,课堂中常见的动作式简说。
SYN-0901,HKG-NODE-NODE-NODE-521,算数,整数读数,大整数的读法（数范围未指明）,大数读法,variant,zh,Grade 4 semester 1,压缩式表达，通常仍指读数规则。
SYN-0902,HKG-NODE-NODE-NODE-521,算数,整数读数,大整数的读法（数范围未指明）,大整数的读法,variant,zh,Grade 4 semester 1,比“大数的读法”更明确地指整数读数。
SYN-0903,HKG-NODE-NODE-NODE-522,算数,整数认识,“大数的认识和读法”作为合并单元标题，建议在图谱中标记为可拆分复合节点,“大数的认识和读法”作为合并单元标题，建议在图谱中标记为可拆分复合节点,canonical,zh,Grade 4 semester 1,规范化节点名，明确其为复合标题型节点而非单一可直接施教知识点。
SYN-0904,HKG-NODE-NODE-NODE-522,算数,整数认识,“大数的认识和读法”作为合并单元标题，建议在图谱中标记为可拆分复合节点,大数的认识和读法,textbook_phrase,zh,Grade 4 semester 1,典型单元或章节标题式表述，包含“认识”与“读法”两个成分。
SYN-0905,HKG-NODE-NODE-NODE-522,算数,整数认识,“大数的认识和读法”作为合并单元标题，建议在图谱中标记为可拆分复合节点,大数认识和读法,variant,zh,Grade 4 semester 1,去掉“的”后的紧缩写法，通常仍指同一合并标题。
SYN-0907,HKG-NODE-NODE-NODE-522,算数,整数认识,“大数的认识和读法”作为合并单元标题，建议在图谱中标记为可拆分复合节点,大数的认识与读法,variant,zh,Grade 4 semester 1,“和/与”替换后的常见书面变体。
SYN-0908,HKG-NODE-NODE-NODE-524,算数,基础运算,三位数乘两位数,三位数乘两位数,canonical,zh,Grade 4 semester 1,规范知识点名称。范围是三位整数与两位整数相乘这一计算主题，不自动限定为笔算。
SYN-0909,HKG-NODE-NODE-NODE-524,算数,基础运算,三位数乘两位数,三位数乘以两位数,variant,zh,Grade 4 semester 1,与规范名同义，表达上补出“以”。
SYN-0910,HKG-NODE-NODE-NODE-524,算数,基础运算,三位数乘两位数,三位数×两位数,formula,symbolic,Grade 4 semester 1,符号化写法，通常指相同计算范围。
SYN-0911,HKG-NODE-NODE-NODE-524,算数,基础运算,三位数乘两位数,三位数与两位数相乘,variant,zh,Grade 4 semester 1,常见改写。该表述也可能被用于笔算节点，需结合上下文区分是否强调算法形式。
SYN-0912,HKG-NODE-NODE-NODE-524,算数,基础运算,三位数乘两位数,三位数乘两位数的计算,variant,zh,Grade 4 semester 1,可指该计算内容的总称；若教材明确指笔算流程，则也可能落到笔算节点。
SYN-0913,HKG-NODE-NODE-NODE-525,算数,基础运算,三位数乘两位数的笔算乘法,三位数乘两位数的笔算乘法,canonical,zh,Grade 4 semester 1,规范知识点名称。强调标准书写算法与位值对齐的笔算范围。
SYN-0914,HKG-NODE-NODE-NODE-525,算数,基础运算,三位数乘两位数的笔算乘法,三位数乘两位数,variant,zh,Grade 4 semester 1,在教材目录或口头表达中有时被省略为该短语，但该短语也常指更宽泛的乘法主题，不必然限定笔算。
SYN-0915,HKG-NODE-NODE-NODE-525,算数,基础运算,三位数乘两位数的笔算乘法,三位数与两位数相乘,variant,zh,Grade 4 semester 1,可作为笔算主题的表层说法，但也可能只是一般乘法范围。
SYN-0916,HKG-NODE-NODE-NODE-525,算数,基础运算,三位数乘两位数的笔算乘法,三位数乘两位数的计算,variant,zh,Grade 4 semester 1,若在书写算法教学或练习上下文中，常可落到本节点；孤立出现时范围偏宽。
SYN-0917,HKG-NODE-NODE-NODE-525,算数,基础运算,三位数乘两位数的笔算乘法,三位数乘两位数的笔算,variant,zh,Grade 4 semester 1,直接突出笔算过程，通常与本节点同域。
SYN-0918,HKG-NODE-NODE-NODE-525,算数,基础运算,三位数乘两位数的笔算乘法,三位数×两位数的笔算,formula,symbolic,Grade 4 semester 1,符号化并显式限定为笔算。
SYN-0919,HKG-NODE-NODE-NODE-527,算数,基础运算,整数除法中除数是两位数的笔算除法,整数除法中除数是两位数的笔算除法,canonical,zh,Grade 4 semester 1,规范知识点名称。强调整数除法中、除数为两位整数、采用笔算求解。
SYN-0920,HKG-NODE-NODE-NODE-527,算数,基础运算,整数除法中除数是两位数的笔算除法,除数是两位数的除法,variant,zh,Grade 4 semester 1,常见表述，但不必然限定整数除法或笔算；在四年级笔算语境下常指向本节点。
SYN-0921,HKG-NODE-NODE-NODE-527,算数,基础运算,整数除法中除数是两位数的笔算除法,两位数除数的除法,variant,zh,Grade 4 semester 1,改写形式，通常表示除数为两位数的除法主题。
SYN-0922,HKG-NODE-NODE-NODE-527,算数,基础运算,整数除法中除数是两位数的笔算除法,除数为两位数的笔算除法,variant,zh,Grade 4 semester 1,与规范名同域，突出笔算算法。
SYN-0923,HKG-NODE-NODE-NODE-527,算数,基础运算,整数除法中除数是两位数的笔算除法,除数是两位数的笔算除法,variant,zh,Grade 4 semester 1,省去“整数除法中”后的常见缩略说法；通常仍指本节点。
SYN-0924,HKG-NODE-NODE-NODE-527,算数,基础运算,整数除法中除数是两位数的笔算除法,两位数除数的笔算除法,variant,zh,Grade 4 semester 1,强调除数特征与笔算方式的表述。
SYN-0925,HKG-NODE-NODE-NODE-528,算数,基础运算,除数是两位数的除法（整数除法）,除数是两位数的除法（整数除法）,canonical,zh,Grade 4 semester 1,规范知识点名称。表示被除数为整数、除数为两位整数的除法总称范围，不自动锁定某一种方法。
SYN-0926,HKG-NODE-NODE-NODE-528,算数,基础运算,除数是两位数的除法（整数除法）,除数为两位数的除法,variant,zh,Grade 4 semester 1,与规范名等义的常见改写。
SYN-0928,HKG-NODE-NODE-NODE-528,算数,基础运算,除数是两位数的除法（整数除法）,两位数作除数的除法,variant,zh,Grade 4 semester 1,更明确地说明两位数充当除数，通常与本节点范围一致。
SYN-0929,HKG-NODE-NODE-NODE-528,算数,基础运算,除数是两位数的除法（整数除法）,除数是两位数的除法,variant,zh,Grade 4 semester 1,直接对应本节点的核心范围。
SYN-0931,HKG-NODE-NODE-NODE-531,算数,基础运算,四则运算以及运算定律,四则运算以及运算定律,canonical,zh,Grade 4 semester 2,规范知识点名称。当前为合并性、待拆分的较粗粒度节点。
SYN-0932,HKG-NODE-NODE-NODE-531,算数,基础运算,四则运算以及运算定律,四则运算与运算定律,variant,zh,Grade 4 semester 2,“以及”与“与”互换，不改变合并主题范围。
SYN-0933,HKG-NODE-NODE-NODE-531,算数,基础运算,四则运算以及运算定律,四则运算及运算定律,variant,zh,Grade 4 semester 2,连接词变化的同义表达。
SYN-0934,HKG-NODE-NODE-NODE-531,算数,基础运算,四则运算以及运算定律,四则运算、运算定律,variant,zh,Grade 4 semester 2,目录式并列表达，可对应同一合并节点。
SYN-0935,HKG-NODE-NODE-NODE-534,算数,基础运算,“四则运算以及运算定律”作为合并节点需拆分审计,“四则运算以及运算定律”作为合并节点需拆分审计,canonical,zh,Grade 4 semester 2,规范知识点名称。其本身是面向图谱治理的审计性节点，而非直接教学知识点。
SYN-0938,HKG-NODE-NODE-NODE-534,算数,基础运算,“四则运算以及运算定律”作为合并节点需拆分审计,四则运算以及运算定律合并节点,variant,zh,Grade 4 semester 2,更明确突出这是“合并节点”而非普通知识点。
SYN-0939,HKG-NODE-NODE-NODE-534,算数,基础运算,“四则运算以及运算定律”作为合并节点需拆分审计,四则运算与运算定律合并节点拆分审计,variant,zh,Grade 4 semester 2,较清楚地指向图谱治理任务节点。
SYN-0940,HKG-NODE-NODE-NODE-538,算数,基础运算,小数的加减法,小数的加减法,canonical,zh,Grade 4 semester 2,规范知识点名称。表示小数加法与减法的综合主题。
SYN-0941,HKG-NODE-NODE-NODE-538,算数,基础运算,小数的加减法,小数加减法,variant,zh,Grade 4 semester 2,常见简称，与规范名同域。
SYN-0942,HKG-NODE-NODE-NODE-538,算数,基础运算,小数的加减法,小数的加法和减法,variant,zh,Grade 4 semester 2,展开式表述，与规范名同义。
SYN-0943,HKG-NODE-NODE-NODE-538,算数,基础运算,小数的加减法,小数加减,variant,zh,Grade 4 semester 2,更口语化的缩略表达。
SYN-0944,HKG-NODE-NODE-NODE-538,算数,基础运算,小数的加减法,小数加法与减法,variant,zh,Grade 4 semester 2,连接词变化的同义说法。
SYN-0945,HKG-NODE-NODE-NODE-544,算数,基础运算,小数乘除法,小数乘除法,canonical,zh,Grade 5 semester 1,规范知识点名称。为小数乘法与小数除法的合并主题。
SYN-0946,HKG-NODE-NODE-NODE-544,算数,基础运算,小数乘除法,小数的乘法和除法,variant,zh,Grade 5 semester 1,展开式表述，与规范名同义。
SYN-0947,HKG-NODE-NODE-NODE-544,算数,基础运算,小数乘除法,小数乘法与除法,variant,zh,Grade 5 semester 1,连接词变化，不改变合并主题范围。
SYN-0948,HKG-NODE-NODE-NODE-544,算数,基础运算,小数乘除法,小数的乘除法,variant,zh,Grade 5 semester 1,“的”字位置变化的常见改写。
SYN-0949,HKG-NODE-NODE-NODE-544,算数,基础运算,小数乘除法,小数乘法和除法,variant,zh,Grade 5 semester 1,常见口头或目录写法。
SYN-0950,HKG-NODE-NODE-NODE-545,算数,基础运算,分数的加法与减法运算,分数的加法与减法运算,canonical,zh,Grade 5 semester 2,规范知识点名称。作为分数加减法的总称性节点，强调运算学习范围。
SYN-0951,HKG-NODE-NODE-NODE-545,算数,基础运算,分数的加法与减法运算,分数加减法,variant,zh,Grade 5 semester 2,常见简称。与节点546也高度同义。
SYN-0952,HKG-NODE-NODE-NODE-545,算数,基础运算,分数的加法与减法运算,分数的加法和减法,variant,zh,Grade 5 semester 2,展开式同义表述。
SYN-0953,HKG-NODE-NODE-NODE-545,算数,基础运算,分数的加法与减法运算,分数加法与减法,variant,zh,Grade 5 semester 2,连接词变化，不改变主题范围。
SYN-0954,HKG-NODE-NODE-NODE-545,算数,基础运算,分数的加法与减法运算,分数的加减法,variant,zh,Grade 5 semester 2,省去“运算”后的常见表达，通常仍指同一总称范围。
SYN-0955,HKG-NODE-NODE-NODE-546,算数,基础运算,分数的加减法,分数的加减法,canonical,zh,Grade 5 semester 2,规范知识点名称。可作分数加法与减法的聚合性知识点。
SYN-0956,HKG-NODE-NODE-NODE-546,算数,基础运算,分数的加减法,分数加减法,variant,zh,Grade 5 semester 2,常见简称，与规范名同义。
SYN-0957,HKG-NODE-NODE-NODE-546,算数,基础运算,分数的加减法,分数的加法和减法,variant,zh,Grade 5 semester 2,展开式同义表述。
SYN-0958,HKG-NODE-NODE-NODE-546,算数,基础运算,分数的加减法,分数加法与减法,variant,zh,Grade 5 semester 2,连接词变化的常见说法。
SYN-0959,HKG-NODE-NODE-NODE-546,算数,基础运算,分数的加减法,分数的加法与减法运算,variant,zh,Grade 5 semester 2,该表述与节点545的规范名一致；若图谱保留两个节点，则此表面形式存在双向歧义。
SYN-0960,HKG-NODE-NODE-NODE-553,算数,基础运算,分数乘法运算,分数乘法运算,canonical,zh,Grade 6 semester 1,节点规范表述；指分数相关乘法规则与计算。
SYN-0961,HKG-NODE-NODE-NODE-553,算数,基础运算,分数乘法运算,分数乘法,variant,zh,Grade 6 semester 1,输入已给出；通常直接指该知识点。
SYN-0962,HKG-NODE-NODE-NODE-553,算数,基础运算,分数乘法运算,分数的乘法,variant,zh,Grade 6 semester 1,输入已给出；与“分数乘法”同义。
SYN-0963,HKG-NODE-NODE-NODE-553,算数,基础运算,分数乘法运算,分数乘法计算,variant,zh,Grade 6 semester 1,表面上强调计算活动，通常落在本节点范围；但若教材单独强调应用题，则可能超出纯运算范围。
SYN-0964,HKG-NODE-NODE-NODE-555,算数,基础运算,折扣的含义与折扣和百分数的互化,折扣的含义与折扣和百分数的互化,canonical,zh,Grade 6 semester 2,节点规范表述；覆盖“几折”的意义及与百分数的换算。
SYN-0965,HKG-NODE-NODE-NODE-555,算数,基础运算,折扣的含义与折扣和百分数的互化,打折的意义,variant,zh,Grade 6 semester 2,输入已给出；强调折扣的生活化含义。
SYN-0966,HKG-NODE-NODE-NODE-555,算数,基础运算,折扣的含义与折扣和百分数的互化,几折与百分数的关系,variant,zh,Grade 6 semester 2,输入已给出；突出互化关系。
SYN-0967,HKG-NODE-NODE-NODE-555,算数,基础运算,折扣的含义与折扣和百分数的互化,折扣的认识,variant,zh,Grade 6 semester 2,输入已给出；一般指对折扣概念的初步理解。
SYN-0968,HKG-NODE-NODE-NODE-555,算数,基础运算,折扣的含义与折扣和百分数的互化,折扣与百分数的互化,variant,zh,Grade 6 semester 2,是规范表述中的核心操作性部分，通常与本节点同指。
SYN-0970,HKG-NODE-NODE-NODE-560,算数,基础运算,利率的含义与单利利息的简单计算,利率的含义与单利利息的简单计算,canonical,zh,Grade 6 semester 2,节点规范表述；涵盖本金、利率、时间、利息的基础关系及简单单利计算。
SYN-0971,HKG-NODE-NODE-NODE-560,算数,基础运算,利率的含义与单利利息的简单计算,利率的认识,variant,zh,Grade 6 semester 2,输入已给出；偏概念认识，通常作为该节点的组成部分。
SYN-0972,HKG-NODE-NODE-NODE-560,算数,基础运算,利率的含义与单利利息的简单计算,利息计算,variant,zh,Grade 6 semester 2,输入已给出；通常指简单利息计算，但单独使用时也可能被扩展到复利等更高阶段内容。
SYN-0973,HKG-NODE-NODE-NODE-560,算数,基础运算,利率的含义与单利利息的简单计算,本金利息问题,variant,zh,Grade 6 semester 2,输入已给出；常见应用题表述，通常落在本节点范围。
SYN-0974,HKG-NODE-NODE-NODE-560,算数,基础运算,利率的含义与单利利息的简单计算,单利利息计算,variant,zh,Grade 6 semester 2,较精确地限定为单利情境，与节点范围一致。
SYN-0975,HKG-NODE-NODE-NODE-560,算数,基础运算,利率的含义与单利利息的简单计算,利率与利息的关系,variant,zh,Grade 6 semester 2,概括本金、利率、时间与利息之间的基础关系；与本节点范围相符。
SYN-0976,HKG-NODE-NODE-NODE-572,算数,基础运算,有理数混合运算顺序,有理数混合运算顺序,canonical,zh,Grade 7 semester 1,节点规范表述；指有理数范围内含加减乘除乘方的运算顺序。
SYN-0977,HKG-NODE-NODE-NODE-572,算数,基础运算,有理数混合运算顺序,有理数的混合运算顺序,variant,zh,Grade 7 semester 1,输入已给出；与规范表述同义。
SYN-0978,HKG-NODE-NODE-NODE-572,算数,基础运算,有理数混合运算顺序,有理数混合运算,variant,zh,Grade 7 semester 1,输入已给出；常用简称，但有时也可泛指混合运算计算本身，不只强调顺序规则。
SYN-0979,HKG-NODE-NODE-NODE-572,算数,基础运算,有理数混合运算顺序,有理数四则与乘方混合运算顺序,variant,zh,Grade 7 semester 1,输入已给出；更明确地包含乘方。
SYN-0980,HKG-NODE-NODE-NODE-572,算数,基础运算,有理数混合运算顺序,有理数运算顺序,variant,zh,Grade 7 semester 1,常见压缩表述；通常指本节点，但也可能误指某一单独运算。
SYN-0981,HKG-NODE-NODE-NODE-574,算数,基础运算,有理数加法运算,有理数加法运算,canonical,zh,Grade 7 semester 1,节点规范表述；指有理数加法法则与计算。
SYN-0982,HKG-NODE-NODE-NODE-574,算数,基础运算,有理数加法运算,有理数加法,variant,zh,Grade 7 semester 1,输入已给出；常见简称。
SYN-0983,HKG-NODE-NODE-NODE-574,算数,基础运算,有理数加法运算,有理数的加法运算,variant,zh,Grade 7 semester 1,输入已给出；与规范表述同义。
SYN-0984,HKG-NODE-NODE-NODE-574,算数,基础运算,有理数加法运算,有理数加法法则,variant,zh,Grade 7 semester 1,强调规则层面，通常属于本节点核心内容；但若图谱把“法则”与“计算”拆分，则可能需要更细化。
SYN-0985,HKG-NODE-NODE-NODE-580,算数,基础运算,用科学计数法表示数,用科学计数法表示数,canonical,zh,Grade 7 semester 1,节点规范表述；侧重把数写成科学计数法形式及互化。
SYN-0986,HKG-NODE-NODE-NODE-580,算数,基础运算,用科学计数法表示数,科学记数法,variant,zh,Grade 7 semester 1,输入已给出；常用名称。但该表面形式也可指更精确定义的相邻节点，存在跨节点歧义。
SYN-0987,HKG-NODE-NODE-NODE-580,算数,基础运算,用科学计数法表示数,科学计数表示,variant,zh,Grade 7 semester 1,输入已给出；通常指使用科学计数法表示数。
SYN-0988,HKG-NODE-NODE-NODE-580,算数,基础运算,用科学计数法表示数,用科学记数法表示数,variant,zh,Grade 7 semester 1,与规范表述对应的常见变体。
SYN-0990,HKG-NODE-NODE-A-10-N-1-A-10-N,算数,基础运算,用a×10^n（1≤|a|<10，n为整数）表示较大或较小的数的科学计数法,用a×10^n（1≤|a|<10，n为整数）表示较大或较小的数的科学计数法,canonical,zh,Grade 7 semester 1,节点规范表述；明确给出科学计数法的表示条件与适用对象。
SYN-0991,HKG-NODE-NODE-A-10-N-1-A-10-N,算数,基础运算,用a×10^n（1≤|a|<10，n为整数）表示较大或较小的数的科学计数法,科学记数法,variant,zh,Grade 7 semester 1,输入已给出；常用名称。但该表面形式也用于较宽泛节点 HKG-NODE-NODE-NODE-580，存在歧义。
SYN-0992,HKG-NODE-NODE-A-10-N-1-A-10-N,算数,基础运算,用a×10^n（1≤|a|<10，n为整数）表示较大或较小的数的科学计数法,科学计数法表示,variant,zh,Grade 7 semester 1,输入已给出；强调表示规范与写法。
SYN-0993,HKG-NODE-NODE-A-10-N-1-A-10-N,算数,基础运算,用a×10^n（1≤|a|<10，n为整数）表示较大或较小的数的科学计数法,a×10^n（1≤|a|<10，n为整数）,formula,symbolic,Grade 7 semester 1,节点核心定义公式，能较好限定范围。
SYN-0994,HKG-NODE-NODE-A-10-N-1-A-10-N,算数,基础运算,用a×10^n（1≤|a|<10，n为整数）表示较大或较小的数的科学计数法,用a×10^n表示数,variant,zh,Grade 7 semester 1,压缩后的表达；通常指本节点，但若省略约束条件，可能与较宽泛“用科学计数法表示数”节点混淆。
SYN-0995,HKG-NODE-NODE-1,数论,合数与质数,质数的概念：只有1和它本身两个正因数的自然数,质数的概念：只有1和它本身两个正因数的自然数,canonical,zh,Grade 5 semester 2,节点规范表述；定义性知识点。
SYN-0996,HKG-NODE-NODE-1,数论,合数与质数,质数的概念：只有1和它本身两个正因数的自然数,素数的概念,variant,zh,Grade 5 semester 2,输入已给出；“素数”与“质数”同义。
SYN-0997,HKG-NODE-NODE-1,数论,合数与质数,质数的概念：只有1和它本身两个正因数的自然数,质数定义,variant,zh,Grade 5 semester 2,输入已给出；强调定义。
SYN-0998,HKG-NODE-NODE-1,数论,合数与质数,质数的概念：只有1和它本身两个正因数的自然数,素数定义,variant,zh,Grade 5 semester 2,输入已给出；与“质数定义”同义。
SYN-0999,HKG-NODE-NODE-1,数论,合数与质数,质数的概念：只有1和它本身两个正因数的自然数,质数,variant,zh,Grade 5 semester 2,最常见简称；但单独词形也可指整体主题而非严格定义性知识点。
SYN-1000,HKG-NODE-NODE-1,数论,合数与质数,质数的概念：只有1和它本身两个正因数的自然数,素数,variant,zh,Grade 5 semester 2,与“质数”同义；单独出现时也可能指主题而不专指定义。
SYN-1001,HKG-NODE-NODE-1-02,数论,合数与质数,合数的概念：除了1和它本身以外还有别的正因数的自然数,合数的概念：除了1和它本身以外还有别的正因数的自然数,canonical,zh,Grade 5 semester 2,节点规范表述；定义性知识点。
SYN-1002,HKG-NODE-NODE-1-02,数论,合数与质数,合数的概念：除了1和它本身以外还有别的正因数的自然数,合数定义,variant,zh,Grade 5 semester 2,输入已给出；强调定义。
SYN-1003,HKG-NODE-NODE-1-02,数论,合数与质数,合数的概念：除了1和它本身以外还有别的正因数的自然数,判断合数,variant,zh,Grade 5 semester 2,输入已给出；常见任务表述，通常基于本定义进行判断。
SYN-1004,HKG-NODE-NODE-1-02,数论,合数与质数,合数的概念：除了1和它本身以外还有别的正因数的自然数,合数的概念,variant,zh,Grade 5 semester 2,与规范表述同指合数定义性知识。
SYN-1005,HKG-NODE-NODE-1-02,数论,合数与质数,合数的概念：除了1和它本身以外还有别的正因数的自然数,合数,variant,zh,Grade 5 semester 2,最常见简称；但单独词形也可能指整体主题而非严格定义节点。
SYN-1006,HKG-NODE-NODE-NODE-587,数论,因数与倍数,因数与倍数的概念（自然数范围内的整除关系）,因数与倍数的概念（自然数范围内的整除关系）,canonical,zh,Grade 5 semester 2,节点规范名。强调在自然数范围内，通过整除关系理解“一个数是另一个数的因数/倍数”。
SYN-1007,HKG-NODE-NODE-NODE-587,数论,因数与倍数,因数与倍数的概念（自然数范围内的整除关系）,因数和倍数的概念,variant,zh,Grade 5 semester 2,“与/和”属于连接词变体，通常指同一入门概念。但在目录场景中也可能泛指整个单元，存在轻微范围漂移。
SYN-1008,HKG-NODE-NODE-NODE-587,数论,因数与倍数,因数与倍数的概念（自然数范围内的整除关系）,因数与倍数,variant,zh,Grade 5 semester 2,教材或练习题中常作单元标题式简称；若单独出现，既可指概念，也可指后续找因数、倍数特征等更大范围内容。
SYN-1009,HKG-NODE-NODE-NODE-587,数论,因数与倍数,因数与倍数的概念（自然数范围内的整除关系）,因数、倍数的意义,textbook_phrase,zh,Grade 5 semester 2,偏教材表述，强调因数与倍数的含义而非运算程序。
SYN-1010,HKG-NODE-NODE-NODE-587,数论,因数与倍数,因数与倍数的概念（自然数范围内的整除关系）,因数和倍数的意义,variant,zh,Grade 5 semester 2,“和/与”替换后的常见表面形式，语义基本一致。
SYN-1011,HKG-NODE-NODE-NODE-587,数论,因数与倍数,因数与倍数的概念（自然数范围内的整除关系）,因数与倍数的意义,variant,zh,Grade 5 semester 2,强调概念含义的变体说法，一般仍落在入门定义层面。
SYN-1013,HKG-NODE-NODE-NODE-588,数论,因数与倍数,整除关系中因数与倍数的基本概念,整除关系中因数与倍数的基本概念,canonical,zh,Grade 5 semester 2,节点规范名。突出“整除关系”这一判定背景。
SYN-1014,HKG-NODE-NODE-NODE-588,数论,因数与倍数,整除关系中因数与倍数的基本概念,因数和倍数的概念,variant,zh,Grade 5 semester 2,常见入门表述，可对应整除语境下的因数、倍数关系。
SYN-1015,HKG-NODE-NODE-NODE-588,数论,因数与倍数,整除关系中因数与倍数的基本概念,因数与倍数的意义,textbook_phrase,zh,Grade 5 semester 2,偏教学导入语，指向因数与倍数在整除关系中的基本含义。
SYN-1017,HKG-NODE-NODE-NODE-588,数论,因数与倍数,整除关系中因数与倍数的基本概念,因数、倍数的意义,variant,zh,Grade 5 semester 2,与“因数与倍数的意义”同类变体，保留并列顿号写法。
SYN-1018,HKG-NODE-NODE-2-03,数论,因数与倍数,判断一个整数是否为2的倍数的末位特征,判断一个整数是否为2的倍数的末位特征,canonical,zh,Grade 5 semester 2,节点规范名。核心是用个位数字判断是否为2的倍数。
SYN-1019,HKG-NODE-NODE-2-03,数论,因数与倍数,判断一个整数是否为2的倍数的末位特征,2的倍数特征,variant,zh,Grade 5 semester 2,常见简称，默认指个位是0、2、4、6、8。
SYN-1020,HKG-NODE-NODE-2-03,数论,因数与倍数,判断一个整数是否为2的倍数的末位特征,2的整除特征,variant,zh,Grade 5 semester 2,与“2的倍数特征”同 scope，强调能否被2整除。
SYN-1021,HKG-NODE-NODE-2-03,数论,因数与倍数,判断一个整数是否为2的倍数的末位特征,2的倍数判定,variant,zh,Grade 5 semester 2,强调判定过程，但通常仍是同一末位规则。
SYN-1022,HKG-NODE-NODE-2-03,数论,因数与倍数,判断一个整数是否为2的倍数的末位特征,能否被2整除的特征,textbook_phrase,zh,Grade 5 semester 2,面向学生的解释性说法，与该节点一致。
SYN-1023,HKG-NODE-NODE-2-03,数论,因数与倍数,判断一个整数是否为2的倍数的末位特征,个位是0、2、4、6、8的数是2的倍数,notation,zh,Grade 5 semester 2,规则型表述，直接刻画本节点的末位特征。
SYN-1024,HKG-NODE-NODE-2-03,数论,因数与倍数,判断一个整数是否为2的倍数的末位特征,偶数特征,variant,zh,Grade 5 semester 2,在小学语境下常与“2的倍数特征”重合，因为偶数即2的倍数。
SYN-1025,HKG-NODE-NODE-5,数论,因数与倍数,判断一个整数是否为5的倍数的末位特征,判断一个整数是否为5的倍数的末位特征,canonical,zh,Grade 5 semester 2,节点规范名。核心是依据个位判断是否为5的倍数。
SYN-1026,HKG-NODE-NODE-5,数论,因数与倍数,判断一个整数是否为5的倍数的末位特征,5的倍数特征,variant,zh,Grade 5 semester 2,常用简称，通常指个位是0或5。
SYN-1027,HKG-NODE-NODE-5,数论,因数与倍数,判断一个整数是否为5的倍数的末位特征,5的整除特征,variant,zh,Grade 5 semester 2,与“5的倍数特征”同 scope。
SYN-1028,HKG-NODE-NODE-5,数论,因数与倍数,判断一个整数是否为5的倍数的末位特征,5的倍数判定,variant,zh,Grade 5 semester 2,强调判定动作，通常仍是同一末位规则。
SYN-1029,HKG-NODE-NODE-5,数论,因数与倍数,判断一个整数是否为5的倍数的末位特征,能否被5整除的特征,textbook_phrase,zh,Grade 5 semester 2,解释性说法，学生习题中常见。
SYN-1030,HKG-NODE-NODE-5,数论,因数与倍数,判断一个整数是否为5的倍数的末位特征,个位是0或5的数是5的倍数,notation,zh,Grade 5 semester 2,规则型表述，直接对应本节点。
SYN-1031,HKG-NODE-NODE-NODE-590,数论,分数,真分数、假分数与带分数的识别与分类,真分数、假分数与带分数的识别与分类,canonical,zh,Grade 5 semester 2,节点规范名。包含三类分数的名称识别与分类。
SYN-1032,HKG-NODE-NODE-NODE-590,数论,分数,真分数、假分数与带分数的识别与分类,真分数、假分数、带分数的认识,variant,zh,Grade 5 semester 2,常见教材标题式表述，偏重初步辨认。
SYN-1033,HKG-NODE-NODE-NODE-590,数论,分数,真分数、假分数与带分数的识别与分类,真分数假分数带分数的分类,variant,zh,Grade 5 semester 2,不带顿号的压缩写法，语义仍为三类分数分类。
SYN-1034,HKG-NODE-NODE-NODE-590,数论,分数,真分数、假分数与带分数的识别与分类,分数类型辨认,variant,zh,Grade 5 semester 2,较概括，若上下文明确指真分数、假分数、带分数三分法，可映射到本节点。
SYN-1035,HKG-NODE-NODE-NODE-590,数论,分数,真分数、假分数与带分数的识别与分类,真分数、假分数、带分数的分类,variant,zh,Grade 5 semester 2,与规范名等价的简化说法。
SYN-1036,HKG-NODE-NODE-NODE-590,数论,分数,真分数、假分数与带分数的识别与分类,认识真分数、假分数和带分数,textbook_phrase,zh,Grade 5 semester 2,“与/和”连接词变化，不改变节点范围。
SYN-1037,HKG-NODE-NODE-NODE-592,数论,分数,识别并分类真分数、假分数、带分数,识别并分类真分数、假分数、带分数,canonical,zh,Grade 5 semester 2,节点规范名。突出“识别并分类”的操作要求。
SYN-1038,HKG-NODE-NODE-NODE-592,数论,分数,识别并分类真分数、假分数、带分数,真分数、假分数、带分数的认识,variant,zh,Grade 5 semester 2,常见入门表述，可视为识别分类前的教学标题。
SYN-1039,HKG-NODE-NODE-NODE-592,数论,分数,识别并分类真分数、假分数、带分数,真分数、假分数、带分数的分类,variant,zh,Grade 5 semester 2,直接对应三类分数的分类任务。
SYN-1040,HKG-NODE-NODE-NODE-592,数论,分数,识别并分类真分数、假分数、带分数,真分数、假分数与带分数的识别与分类,variant,zh,Grade 5 semester 2,与近似节点规范名同形，语义一致。
SYN-1041,HKG-NODE-NODE-NODE-592,数论,分数,识别并分类真分数、假分数、带分数,辨认真分数、假分数和带分数,textbook_phrase,zh,Grade 5 semester 2,“辨认”是“识别”的常见教学用语变体。
SYN-1042,HKG-NODE-NODE-NODE-597,数论,分数,分数的通分,分数的通分,canonical,zh,Grade 5 semester 2,节点规范名。指把异分母分数化为同分母分数。
SYN-1043,HKG-NODE-NODE-NODE-597,数论,分数,分数的通分,通分,variant,zh,Grade 5 semester 2,最常见简称，默认对象为分数。
SYN-1044,HKG-NODE-NODE-NODE-597,数论,分数,分数的通分,把异分母分数化成同分母分数,textbook_phrase,zh,Grade 5 semester 2,定义式表述，直接对应本节点。
SYN-1045,HKG-NODE-NODE-NODE-597,数论,分数,分数的通分,异分母分数化同分母分数,variant,zh,Grade 5 semester 2,压缩写法，常见于板书或题干。
SYN-1047,HKG-NODE-NODE-NODE-603,数论,分数,分数大小比较,分数大小比较,canonical,zh,Grade 5 semester 2,节点规范名。关注比较两个或多个分数的大小。
SYN-1048,HKG-NODE-NODE-NODE-603,数论,分数,分数大小比较,分数比大小,variant,zh,Grade 5 semester 2,学生和教师常用简称。
SYN-1049,HKG-NODE-NODE-NODE-603,数论,分数,分数大小比较,比较分数的大小,textbook_phrase,zh,Grade 5 semester 2,动作导向表述，与本节点一致。
SYN-1050,HKG-NODE-NODE-NODE-603,数论,分数,分数大小比较,分数的大小比较,variant,zh,Grade 5 semester 2,与规范名同义的词序调整。
SYN-1051,HKG-NODE-NODE-NODE-603,数论,分数,分数大小比较,分数大小的比较,variant,zh,Grade 5 semester 2,语序微调，不改变范围。
SYN-1052,HKG-NODE-NODE-NODE-603,数论,分数,分数大小比较,分数比较大小,variant,zh,Grade 5 semester 2,口语化压缩形式。
SYN-1053,HKG-NODE-NODE-NODE-604,数论,分数,分数约分与化简,分数约分与化简,canonical,zh,Grade 5 semester 2,节点规范名。为减轻“化简”歧义，明确核心是分数约分。
SYN-1054,HKG-NODE-NODE-NODE-604,数论,分数,分数约分与化简,分数化简,variant,zh,Grade 5 semester 2,常见表述；在小学分数单元中通常落实为约分到较简或最简形式。
SYN-1055,HKG-NODE-NODE-NODE-604,数论,分数,分数约分与化简,分数约分,variant,zh,Grade 5 semester 2,突出操作方法，与本节点高度一致。
SYN-1056,HKG-NODE-NODE-NODE-604,数论,分数,分数约分与化简,把分数化成最简分数,textbook_phrase,zh,Grade 5 semester 2,结果导向表述，可作为“约分与化简”的典型说明。
SYN-1057,HKG-NODE-NODE-NODE-604,数论,分数,分数约分与化简,约分并化简分数,variant,zh,Grade 5 semester 2,将两个近义操作并列表达，仍在同一节点范围内。
SYN-1058,HKG-NODE-NODE-NODE-604,数论,分数,分数约分与化简,化简分数,variant,zh,Grade 5 semester 2,语序变体，通常仍指通过约分使分数更简。
SYN-1059,HKG-NODE-NODE-NODE-612,数论,互质和最大公因数,判断两个自然数是否互质的方法,判断两个自然数是否互质的方法,canonical,zh,Grade 5 semester 2,节点规范名。范围是基于公因数或最大公因数来判定两个自然数是否互质的方法性知识。
SYN-1060,HKG-NODE-NODE-NODE-612,数论,互质和最大公因数,判断两个自然数是否互质的方法,互质的判断方法,variant,zh,Grade 5 semester 2,常见简化说法；在小学语境中通常默认对象是两个自然数，但脱离上下文时也可能泛指更广义的互素判定。
SYN-1061,HKG-NODE-NODE-NODE-612,数论,互质和最大公因数,判断两个自然数是否互质的方法,判断两个数是否互质,variant,zh,Grade 5 semester 2,与节点范围基本一致，但“两个数”未显式限定自然数，可能在其他语境中包含整数。
SYN-1062,HKG-NODE-NODE-NODE-612,数论,互质和最大公因数,判断两个自然数是否互质的方法,两个数互质的判定,variant,zh,Grade 5 semester 2,强调判定过程或依据；常与“公因数只有1”或“最大公因数是1”关联。
SYN-1063,HKG-NODE-NODE-NODE-612,数论,互质和最大公因数,判断两个自然数是否互质的方法,公因数只有1就互质,textbook_phrase,zh,Grade 5 semester 2,概括该节点常用的判定依据，不是完整定义替代；仅在其指向两个自然数是否互质时适用。
SYN-1064,HKG-NODE-NODE-NODE-612,数论,互质和最大公因数,判断两个自然数是否互质的方法,最大公因数是1就互质,textbook_phrase,zh,Grade 5 semester 2,对应常见判定依据，适合作为该节点的表层表达之一。
SYN-1065,HKG-NODE-NODE-NODE-613,数论,互质和最大公因数,判断两个自然数是否互质,判断两个自然数是否互质,canonical,zh,Grade 5 semester 2,节点规范名。聚焦依据公因数关系判断两个自然数是否互质。
SYN-1066,HKG-NODE-NODE-NODE-613,数论,互质和最大公因数,判断两个自然数是否互质,互质的判断方法,variant,zh,Grade 5 semester 2,与节点标题所指内容一致，但语义可泛化到更广对象；在小学数论章节多仍指两个自然数。
SYN-1067,HKG-NODE-NODE-NODE-613,数论,互质和最大公因数,判断两个自然数是否互质,判断两个数是否互质,variant,zh,Grade 5 semester 2,常见省略说法；通常指两个自然数，但未明示范围。
SYN-1070,HKG-NODE-NODE-NODE-614,数论,互质和最大公因数,求两个或几个自然数的最大公因数,求两个或几个自然数的最大公因数,canonical,zh,Grade 5 semester 2,节点规范名。范围限定为小学阶段对自然数求最大公因数。
SYN-1071,HKG-NODE-NODE-NODE-614,数论,互质和最大公因数,求两个或几个自然数的最大公因数,求最大公因数,variant,zh,Grade 5 semester 2,高频简称；在本节点语境下默认对象为两个或几个自然数。
SYN-1072,HKG-NODE-NODE-NODE-614,数论,互质和最大公因数,求两个或几个自然数的最大公因数,找最大公因数,variant,zh,Grade 5 semester 2,口语化表述，与“求最大公因数”同域。
SYN-1073,HKG-NODE-NODE-NODE-614,数论,互质和最大公因数,求两个或几个自然数的最大公因数,最大公因数的求法,variant,zh,Grade 5 semester 2,偏向方法性表达，通常包括列举因数等基础方法。
SYN-1074,HKG-NODE-NODE-NODE-614,数论,互质和最大公因数,求两个或几个自然数的最大公因数,求两个数的最大公因数,variant,zh,Grade 5 semester 2,是规范名的子情形，仍落在本节点范围内。
SYN-1075,HKG-NODE-NODE-NODE-614,数论,互质和最大公因数,求两个或几个自然数的最大公因数,求几个数的最大公因数,variant,zh,Grade 5 semester 2,是规范名的另一子情形，适合作为覆盖多个数情况的表层表达。
SYN-1076,HKG-NODE-NODE-NODE-616,数论,互质和最大公因数,求两个或几个数的最大公因数,求两个或几个数的最大公因数,canonical,zh,Grade 5 semester 2,节点规范名。按范围说明通常仍指自然数。
SYN-1077,HKG-NODE-NODE-NODE-616,数论,互质和最大公因数,求两个或几个数的最大公因数,求最大公因数,variant,zh,Grade 5 semester 2,常见简称；在小学语境一般指对自然数求最大公因数。
SYN-1078,HKG-NODE-NODE-NODE-616,数论,互质和最大公因数,求两个或几个数的最大公因数,找最大公因数,variant,zh,Grade 5 semester 2,口语化说法，同域。
SYN-1079,HKG-NODE-NODE-NODE-616,数论,互质和最大公因数,求两个或几个数的最大公因数,求两个数的最大公因数,variant,zh,Grade 5 semester 2,规范名的子情形，常见教学任务表述。
SYN-1080,HKG-NODE-NODE-NODE-616,数论,互质和最大公因数,求两个或几个数的最大公因数,求几个数的最大公因数,variant,zh,Grade 5 semester 2,规范名的子情形，强调多个数。
SYN-1081,HKG-NODE-NODE-NODE-620,数论,百分数,百分数与小数的互化,百分数与小数的互化,canonical,zh,Grade 6 semester 1,节点规范名。包含双向转换。
SYN-1082,HKG-NODE-NODE-NODE-620,数论,百分数,百分数与小数的互化,百分数和小数的互化,variant,zh,Grade 6 semester 1,“与/和”替换，不改变范围。
SYN-1083,HKG-NODE-NODE-NODE-620,数论,百分数,百分数与小数的互化,百分数与小数互化,variant,zh,Grade 6 semester 1,省略“的”，常见标题式表达。
SYN-1084,HKG-NODE-NODE-NODE-620,数论,百分数,百分数与小数的互化,小数化成百分数与百分数化成小数,variant,zh,Grade 6 semester 1,展开双向转换内容，与节点范围一致。
SYN-1085,HKG-NODE-NODE-NODE-620,数论,百分数,百分数与小数的互化,百分数化小数，小数化百分数,variant,zh,Grade 6 semester 1,并列式简化表达，仍是双向互化。
SYN-1087,HKG-NODE-NODE-NODE-621,数论,百分数,百分数与分数的互化,百分数与分数的互化,canonical,zh,Grade 6 semester 1,节点规范名。包含双向转换。
SYN-1088,HKG-NODE-NODE-NODE-621,数论,百分数,百分数与分数的互化,百分数和分数的互化,variant,zh,Grade 6 semester 1,“与/和”替换，不改变范围。
SYN-1089,HKG-NODE-NODE-NODE-621,数论,百分数,百分数与分数的互化,百分数与分数互化,variant,zh,Grade 6 semester 1,省略“的”，常见标题式表达。
SYN-1090,HKG-NODE-NODE-NODE-621,数论,百分数,百分数与分数的互化,分数化成百分数与百分数化成分数,variant,zh,Grade 6 semester 1,展开双向转换内容，与节点范围一致。
SYN-1091,HKG-NODE-NODE-NODE-621,数论,百分数,百分数与分数的互化,百分数化分数，分数化百分数,variant,zh,Grade 6 semester 1,并列式简化表达，仍是双向互化。
SYN-1092,HKG-NODE-NODE-NODE-627,数论,负数,比较包含负数的两个数的大小,比较包含负数的两个数的大小,canonical,zh,Grade 6 semester 2,节点规范名。范围是含负数情形下两个数的大小比较。
SYN-1093,HKG-NODE-NODE-NODE-627,数论,负数,比较包含负数的两个数的大小,两数大小比较（含负数）,variant,zh,Grade 6 semester 2,压缩式表达，明确本节点在负数主题下的适用范围。
SYN-1094,HKG-NODE-NODE-NODE-627,数论,负数,比较包含负数的两个数的大小,正负数大小比较,variant,zh,Grade 6 semester 2,常见概括说法，可覆盖正数、负数与0之间的比较；但不总是限定为两个数。
SYN-1095,HKG-NODE-NODE-NODE-627,数论,负数,比较包含负数的两个数的大小,负数大小比较,variant,zh,Grade 6 semester 2,常见简称；既可指含负数的两数比较，也可能仅指两个负数之间比较。
SYN-1096,HKG-NODE-NODE-NODE-627,数论,负数,比较包含负数的两个数的大小,比较两个含负数的数的大小,variant,zh,Grade 6 semester 2,语序变体，意义接近规范名。
SYN-1098,HKG-NODE-NODE-NODE-630,数与代数,负数,含负数的两数大小比较,含负数的两数大小比较,canonical,zh,Grade 6 semester 2,节点规范名。强调正数、负数与0之间以及两个负数之间的比较。
SYN-1100,HKG-NODE-NODE-NODE-630,数与代数,负数,含负数的两数大小比较,负数大小比较,variant,zh,Grade 6 semester 2,常见简称，可指本节点，但也可能仅指两个负数之间大小规律。
SYN-1101,HKG-NODE-NODE-NODE-630,数与代数,负数,含负数的两数大小比较,正负数大小比较,variant,zh,Grade 6 semester 2,概括性强，通常包含与0比较，但未显式限定为两数。
SYN-1102,HKG-NODE-NODE-NODE-630,数与代数,负数,含负数的两数大小比较,比较含负数的两个数的大小,variant,zh,Grade 6 semester 2,与规范名等价的语序变体。
SYN-1103,HKG-NODE-NODE-NODE-634,数论,有理数、相反数、绝对值,有理数的概念与分类,有理数的概念与分类,canonical,zh,Grade 7 semester 1,节点规范名。兼含定义性认识与基本分类。
SYN-1104,HKG-NODE-NODE-NODE-634,数论,有理数、相反数、绝对值,有理数的概念与分类,有理数的概念,variant,zh,Grade 7 semester 1,可指向本节点的概念部分，但未显式涵盖分类，亦可能单指更窄的节点637。
SYN-1105,HKG-NODE-NODE-NODE-634,数论,有理数、相反数、绝对值,有理数的概念与分类,有理数的认识,variant,zh,Grade 7 semester 1,初学阶段常用表述，通常包含识别和基本归类。
SYN-1106,HKG-NODE-NODE-NODE-634,数论,有理数、相反数、绝对值,有理数的概念与分类,有理数的定义与分类,variant,zh,Grade 7 semester 1,与规范名近义，突出定义和分类两个方面。
SYN-1107,HKG-NODE-NODE-NODE-634,数论,有理数、相反数、绝对值,有理数的概念与分类,有理数的分类,variant,zh,Grade 7 semester 1,只覆盖规范名中的分类部分，通常涉及正有理数、负有理数和零等。
SYN-1109,HKG-NODE-NODE-NODE-637,数论,有理数、相反数、绝对值,有理数的概念,有理数的概念,canonical,zh,Grade 7 semester 1,节点规范名。聚焦有理数这一数集的定义性认识与识别。
SYN-1110,HKG-NODE-NODE-NODE-637,数论,有理数、相反数、绝对值,有理数的概念,有理数概念,variant,zh,Grade 7 semester 1,标题式简写，不改变范围。
SYN-1111,HKG-NODE-NODE-NODE-637,数论,有理数、相反数、绝对值,有理数的概念,有理数的定义,variant,zh,Grade 7 semester 1,强调定义层面，通常可视作“有理数的概念”的近义表达。
SYN-1112,HKG-NODE-NODE-NODE-637,数论,有理数、相反数、绝对值,有理数的概念,认识有理数,variant,zh,Grade 7 semester 1,初学导入型表述，通常指对有理数的初步概念认识。
SYN-1113,HKG-NODE-NODE-NODE-637,数论,有理数、相反数、绝对值,有理数的概念,什么是有理数,textbook_phrase,zh,Grade 7 semester 1,提问式表层形式，常用于概念导入。
SYN-1114,HKG-NODE-NODE-NODE-640,数理逻辑,找规律,根据颜色或形状的有序排列识别并续接简单重复规律,根据颜色或形状的有序排列识别并续接简单重复规律,canonical,zh,Grade 1 semester 2,规范表述，强调依据颜色或形状的有序排列，识别并续接简单重复规律。范围限于一年级下册直观序列任务。
SYN-1115,HKG-NODE-NODE-NODE-640,数理逻辑,找规律,根据颜色或形状的有序排列识别并续接简单重复规律,按颜色和形状找规律,variant,zh,Grade 1 semester 2,常见教学说法。可指依据颜色、形状识别规律；但“找规律”表述较宽，可能与更一般的图形规律节点重合。此处按本节点的简单重复规律理解。
SYN-1116,HKG-NODE-NODE-NODE-640,数理逻辑,找规律,根据颜色或形状的有序排列识别并续接简单重复规律,看图形和颜色找规律,variant,zh,Grade 1 semester 2,面向低年级的口语化表述，强调从图形和颜色观察规律。通常落在直观属性的重复序列任务。
SYN-1117,HKG-NODE-NODE-NODE-640,数理逻辑,找规律,根据颜色或形状的有序排列识别并续接简单重复规律,图形排列规律,variant,zh,Grade 1 semester 2,可用于描述图形按一定顺序排列形成的规律，但该词可能泛化到更复杂排列或变换规律。纳入时限定为颜色、形状主导的简单重复规律。
SYN-1118,HKG-NODE-NODE-NODE-640,数理逻辑,找规律,根据颜色或形状的有序排列识别并续接简单重复规律,颜色和形状的排列规律,variant,zh,Grade 1 semester 2,与本节点范围一致，突出颜色和形状这两类外显属性及其排列。
SYN-1119,HKG-NODE-NODE-NODE-640,数理逻辑,找规律,根据颜色或形状的有序排列识别并续接简单重复规律,按颜色或形状续规律,variant,zh,Grade 1 semester 2,强调续接操作，适合补下一项的任务情境。与本节点一致，但用语较口语。
SYN-1120,HKG-NODE-NODE-NODE-643,数理逻辑,找规律,根据颜色或形状的重复与变化识别并续接简单规律,根据颜色或形状的重复与变化识别并续接简单规律,canonical,zh,Grade 1 semester 2,规范表述，强调依据颜色、形状的重复与变化来识别并续接简单规律，范围为一年级下册常见直观规律活动。
SYN-1121,HKG-NODE-NODE-NODE-643,数理逻辑,找规律,根据颜色或形状的重复与变化识别并续接简单规律,按颜色找规律,variant,zh,Grade 1 semester 2,常见单一属性任务说法，指依据颜色变化找出规律。与本节点一致。
SYN-1122,HKG-NODE-NODE-NODE-643,数理逻辑,找规律,根据颜色或形状的重复与变化识别并续接简单规律,按形状找规律,variant,zh,Grade 1 semester 2,常见单一属性任务说法，指依据形状变化识别简单规律。与本节点一致。
SYN-1123,HKG-NODE-NODE-NODE-643,数理逻辑,找规律,根据颜色或形状的重复与变化识别并续接简单规律,根据颜色和形状找规律,variant,zh,Grade 1 semester 2,概括颜色与形状两类外显属性。与节点范围相符，但与其他“找规律”节点可能重叠。
SYN-1124,HKG-NODE-NODE-NODE-643,数理逻辑,找规律,根据颜色或形状的重复与变化识别并续接简单规律,图形规律续接,variant,zh,Grade 1 semester 2,突出续接操作，适合补全下一项或后续若干项。该表述可能也指数字或更复杂图形规律，此处限定为颜色、形状主导的简单直观规律。
SYN-1125,HKG-NODE-NODE-NODE-643,数理逻辑,找规律,根据颜色或形状的重复与变化识别并续接简单规律,按颜色或形状找规律,variant,zh,Grade 1 semester 2,同时覆盖按颜色和按形状两种常见任务。与节点范围一致。
SYN-1127,HKG-NODE-NODE-NODE-647,数理逻辑,互逆命题,互逆命题的概念,互逆命题的概念,canonical,zh,Grade 8 semester 2,规范表述，聚焦互逆命题这一术语的基础概念。
SYN-1128,HKG-NODE-NODE-NODE-647,数理逻辑,互逆命题,互逆命题的概念,互逆命题的定义,variant,zh,Grade 8 semester 2,与“概念”基本同域，强调定义性表述。
SYN-1129,HKG-NODE-NODE-NODE-647,数理逻辑,互逆命题,互逆命题的概念,互为逆命题的概念,variant,zh,Grade 8 semester 2,把名词性术语转为关系性表达，仍指基础概念层面。
SYN-1130,HKG-NODE-NODE-NODE-647,数理逻辑,互逆命题,互逆命题的概念,什么是互逆命题,textbook_phrase,zh,Grade 8 semester 2,常见导入式提问，通常对应概念引入。
SYN-1132,HKG-NODE-NODE-NODE-648,数理逻辑,互逆命题,判断两个命题是否互为逆命题,判断两个命题是否互为逆命题,canonical,zh,Grade 8 semester 2,规范表述，强调给定两个命题时的识别与判定操作。
SYN-1133,HKG-NODE-NODE-NODE-648,数理逻辑,互逆命题,判断两个命题是否互为逆命题,互逆命题的判断,variant,zh,Grade 8 semester 2,常见技能性说法，聚焦判断是否互逆。
SYN-1134,HKG-NODE-NODE-NODE-648,数理逻辑,互逆命题,判断两个命题是否互为逆命题,判断互为逆命题,variant,zh,Grade 8 semester 2,省略宾语后的任务表述，通常指判断两个命题是否互为逆命题。
SYN-1135,HKG-NODE-NODE-NODE-648,数理逻辑,互逆命题,判断两个命题是否互为逆命题,识别互逆命题,variant,zh,Grade 8 semester 2,强调从给定命题对中识别出互逆关系。
SYN-1136,HKG-NODE-NODE-NODE-648,数理逻辑,互逆命题,判断两个命题是否互为逆命题,判断是否互为逆命题,variant,zh,Grade 8 semester 2,常见题目要求式表述，与本节点范围高度一致。
SYN-1137,HKG-NODE-NODE-NODE-648,数理逻辑,互逆命题,判断两个命题是否互为逆命题,互为逆命题的判定,variant,zh,Grade 8 semester 2,与“判断”同义，突出判定过程。
SYN-1138,HKG-NODE-NODE-NODE-651,离散数学,逻辑、量词,互逆命题的概念,互逆命题的概念,canonical,zh,Grade 8 semester 2,规范表述，聚焦离散数学/逻辑语境下两个命题互为逆命题的关系性概念。
SYN-1139,HKG-NODE-NODE-NODE-651,离散数学,逻辑、量词,互逆命题的概念,互为逆命题,variant,zh,Grade 8 semester 2,关系性短语，可直接指两个命题之间的互逆关系。也可能出现在判断任务中。
SYN-1140,HKG-NODE-NODE-NODE-651,离散数学,逻辑、量词,互逆命题的概念,逆命题关系,variant,zh,Grade 8 semester 2,强调两个命题之间的关系，而非单个命题的改写步骤。与本节点范围一致。
SYN-1141,HKG-NODE-NODE-NODE-651,离散数学,逻辑、量词,互逆命题的概念,两个命题互为逆命题,textbook_phrase,zh,Grade 8 semester 2,完整关系表述，适合概念说明。
SYN-1142,HKG-NODE-NODE-NODE-653,离散数学,逻辑、量词,互逆命题的概念与判断,互逆命题的概念与判断,canonical,zh,Grade 8 semester 2,规范表述，合并概念辨析与关系判断两部分。
SYN-1143,HKG-NODE-NODE-NODE-653,离散数学,逻辑、量词,互逆命题的概念与判断,互为逆命题的判断,variant,zh,Grade 8 semester 2,输入所给同义表述之一，偏向判断，但在本节点中默认与概念辨析合并教学。
SYN-1144,HKG-NODE-NODE-NODE-653,离散数学,逻辑、量词,互逆命题的概念与判断,互逆命题的判定,variant,zh,Grade 8 semester 2,常见技能性表述，指判定两个命题是否互逆。在本节点中视为概念与判断合并范围内的表层形式。
SYN-1145,HKG-NODE-NODE-NODE-653,离散数学,逻辑、量词,互逆命题的概念与判断,逆命题关系的判断,variant,zh,Grade 8 semester 2,强调对两个命题之间逆命题关系的判断。
SYN-1146,HKG-NODE-NODE-NODE-653,离散数学,逻辑、量词,互逆命题的概念与判断,互逆命题的概念和判断,variant,zh,Grade 8 semester 2,“与/和”字面差异，不改变节点范围。
SYN-1147,HKG-NODE-NODE-NODE-653,离散数学,逻辑、量词,互逆命题的概念与判断,理解并判断互为逆命题,variant,zh,Grade 8 semester 2,同时覆盖概念理解和关系判断，和本节点合并范围一致。
